iso3,country,year,depth_credit_info_0_8,credit_bureau_cov_pct,credit_registry_cov_pct,legal_rights_0_12
AFG,"Afghanistan",2003,,,,
AFG,"Afghanistan",2004,,0,0,
AFG,"Afghanistan",2005,,0,0,
AFG,"Afghanistan",2006,,0,0,
AFG,"Afghanistan",2007,,0,0,
AFG,"Afghanistan",2008,,0,0,
AFG,"Afghanistan",2009,,0,0,
AFG,"Afghanistan",2010,,0,0,
AFG,"Afghanistan",2011,,0,0,
AFG,"Afghanistan",2012,,0,0,
AFG,"Afghanistan",2013,0,0,0,9
AFG,"Afghanistan",2014,0,0,0,9
AFG,"Afghanistan",2015,0,0,0.5,9
AFG,"Afghanistan",2016,0,0,0.8,9
AFG,"Afghanistan",2017,0,0,1,9
AFG,"Afghanistan",2018,0,0,1.3,10
AFG,"Afghanistan",2019,0,0,1.5,10
AGO,"Angola",2003,,,,
AGO,"Angola",2004,,0,1.8,
AGO,"Angola",2005,,0,2.9,
AGO,"Angola",2006,,0,2.9,
AGO,"Angola",2007,,0,2.3,
AGO,"Angola",2008,,0,2.7,
AGO,"Angola",2009,,0,2.5,
AGO,"Angola",2010,,0,2.4,
AGO,"Angola",2011,,0,1.8,
AGO,"Angola",2012,,0,1.8,
AGO,"Angola",2013,0,0,2.4,1
AGO,"Angola",2014,0,0,1.8,1
AGO,"Angola",2015,0,0,3.3,1
AGO,"Angola",2016,0,0,1.9,1
AGO,"Angola",2017,0,0,1.9,1
AGO,"Angola",2018,0,0,1.6,1
AGO,"Angola",2019,0,0,1.5,1
ALB,"Albania",2003,,,,
ALB,"Albania",2004,,0,0,
ALB,"Albania",2005,,0,0,
ALB,"Albania",2006,,0,0,
ALB,"Albania",2007,,0,0,
ALB,"Albania",2008,,0,6.8,
ALB,"Albania",2009,,0,9.9,
ALB,"Albania",2010,,0,12.3,
ALB,"Albania",2011,,0,17,
ALB,"Albania",2012,,0,19.7,
ALB,"Albania",2013,6,0,13.1,7
ALB,"Albania",2014,6,0,16.7,6
ALB,"Albania",2015,6,0,27.1,6
ALB,"Albania",2016,6,0,38.9,6
ALB,"Albania",2017,6,0,51.6,8
ALB,"Albania",2018,6,0,57.4,8
ALB,"Albania",2019,6,0,56.2,8
ARE,"United Arab Emirates",2003,,,,
ARE,"United Arab Emirates",2004,,0,1.8,
ARE,"United Arab Emirates",2005,,0,1.5,
ARE,"United Arab Emirates",2006,,0,1.7,
ARE,"United Arab Emirates",2007,,0,1.4,
ARE,"United Arab Emirates",2008,,7.7,6.5,
ARE,"United Arab Emirates",2009,,12.6,7.3,
ARE,"United Arab Emirates",2010,,17.7,8.4,
ARE,"United Arab Emirates",2011,,29.2,9,
ARE,"United Arab Emirates",2012,,31.7,5.9,
ARE,"United Arab Emirates",2013,6,27,5.8,2
ARE,"United Arab Emirates",2014,7,28.3,6.8,2
ARE,"United Arab Emirates",2015,7,38.4,7.7,2
ARE,"United Arab Emirates",2016,7,53.8,8.9,2
ARE,"United Arab Emirates",2017,8,54.5,8.8,2
ARE,"United Arab Emirates",2018,8,53.6,10.8,6
ARE,"United Arab Emirates",2019,8,51.3,12,6
ARG,"Argentina",2003,,,,
ARG,"Argentina",2004,,73.3,20.1,
ARG,"Argentina",2005,,95,22.1,
ARG,"Argentina",2006,,100,25.4,
ARG,"Argentina",2007,,100,25.5,
ARG,"Argentina",2008,,100,31.2,
ARG,"Argentina",2009,,100,34.3,
ARG,"Argentina",2010,,100,30.8,
ARG,"Argentina",2011,,100,35.9,
ARG,"Argentina",2012,,100,37,
ARG,"Argentina",2013,8,100,41.9,2
ARG,"Argentina",2014,8,100,41.2,2
ARG,"Argentina",2015,8,100,42.6,2
ARG,"Argentina",2016,8,100,41.6,2
ARG,"Argentina",2017,8,80,44.8,2
ARG,"Argentina",2018,8,100,45.7,2
ARG,"Argentina",2019,8,100,48.1,2
ARM,"Armenia",2003,,,,
ARM,"Armenia",2004,,0,0,
ARM,"Armenia",2005,,0,2.6,
ARM,"Armenia",2006,,0,1.5,
ARM,"Armenia",2007,,13.5,2.8,
ARM,"Armenia",2008,,24.4,2.6,
ARM,"Armenia",2009,,34.5,4.4,
ARM,"Armenia",2010,,38.3,16.9,
ARM,"Armenia",2011,,46.6,23.7,
ARM,"Armenia",2012,,56,20.5,
ARM,"Armenia",2013,8,63.8,21.9,4
ARM,"Armenia",2014,8,65.8,23.5,4
ARM,"Armenia",2015,8,94.1,0,4
ARM,"Armenia",2016,8,71.1,0,6
ARM,"Armenia",2017,8,77.2,0,6
ARM,"Armenia",2018,8,80,0,6
ARM,"Armenia",2019,8,82.5,0,6
ATG,"Antigua and Barbuda",2003,,,,
ATG,"Antigua and Barbuda",2004,,,,
ATG,"Antigua and Barbuda",2005,,0,0,
ATG,"Antigua and Barbuda",2006,,0,0,
ATG,"Antigua and Barbuda",2007,,0,0,
ATG,"Antigua and Barbuda",2008,,0,0,
ATG,"Antigua and Barbuda",2009,,0,0,
ATG,"Antigua and Barbuda",2010,,0,0,
ATG,"Antigua and Barbuda",2011,,0,0,
ATG,"Antigua and Barbuda",2012,,0,0,
ATG,"Antigua and Barbuda",2013,0,0,0,5
ATG,"Antigua and Barbuda",2014,0,0,0,5
ATG,"Antigua and Barbuda",2015,0,0,0,5
ATG,"Antigua and Barbuda",2016,0,0,0,5
ATG,"Antigua and Barbuda",2017,0,0,0,5
ATG,"Antigua and Barbuda",2018,0,0,0,5
ATG,"Antigua and Barbuda",2019,0,0,0,5
AUS,"Australia",2003,,,,
AUS,"Australia",2004,,95.4,0,
AUS,"Australia",2005,,100,0,
AUS,"Australia",2006,,100,0,
AUS,"Australia",2007,,100,0,
AUS,"Australia",2008,,100,0,
AUS,"Australia",2009,,100,0,
AUS,"Australia",2010,,100,0,
AUS,"Australia",2011,,100,0,
AUS,"Australia",2012,,100,0,
AUS,"Australia",2013,7,100,0,11
AUS,"Australia",2014,7,100,0,11
AUS,"Australia",2015,7,100,0,11
AUS,"Australia",2016,7,100,0,11
AUS,"Australia",2017,7,100,0,11
AUS,"Australia",2018,7,100,0,11
AUS,"Australia",2019,8,100,0,11
AUT,"Austria",2003,,,,
AUT,"Austria",2004,,39.3,1.1,
AUT,"Austria",2005,,45.4,1.2,
AUT,"Austria",2006,,39.9,1.2,
AUT,"Austria",2007,,40.6,1.3,
AUT,"Austria",2008,,40.9,1.3,
AUT,"Austria",2009,,39.2,1.4,
AUT,"Austria",2010,,40.6,1.4,
AUT,"Austria",2011,,51.6,1.7,
AUT,"Austria",2012,,52.6,1.8,
AUT,"Austria",2013,7,51.8,1.7,4
AUT,"Austria",2014,7,53.2,2,4
AUT,"Austria",2015,7,52.8,2.2,4
AUT,"Austria",2016,7,53.6,2.3,4
AUT,"Austria",2017,7,52.8,2.2,4
AUT,"Austria",2018,7,52.2,2.2,4
AUT,"Austria",2019,7,53.5,2.2,4
AZE,"Azerbaijan",2003,,,,
AZE,"Azerbaijan",2004,,0,0,
AZE,"Azerbaijan",2005,,0,0.4,
AZE,"Azerbaijan",2006,,0,1.1,
AZE,"Azerbaijan",2007,,0,1.4,
AZE,"Azerbaijan",2008,,0,3.1,
AZE,"Azerbaijan",2009,,0,6.9,
AZE,"Azerbaijan",2010,,0,7,
AZE,"Azerbaijan",2011,,0,15.6,
AZE,"Azerbaijan",2012,,0,17.7,
AZE,"Azerbaijan",2013,6,0,23,2
AZE,"Azerbaijan",2014,6,0,28.7,2
AZE,"Azerbaijan",2015,6,0,33.6,2
AZE,"Azerbaijan",2016,6,0,36.4,2
AZE,"Azerbaijan",2017,6,0,37.5,2
AZE,"Azerbaijan",2018,8,41.5,41.5,8
AZE,"Azerbaijan",2019,8,44.6,0,12
BDI,"Burundi",2003,,,,
BDI,"Burundi",2004,,0,0.2,
BDI,"Burundi",2005,,0,0.2,
BDI,"Burundi",2006,,0,0.1,
BDI,"Burundi",2007,,0,0.2,
BDI,"Burundi",2008,,0,0.3,
BDI,"Burundi",2009,,0,0.2,
BDI,"Burundi",2010,,0,0.2,
BDI,"Burundi",2011,,0,0.3,
BDI,"Burundi",2012,,0,0.3,
BDI,"Burundi",2013,0,0,0.3,2
BDI,"Burundi",2014,0,0,3.9,2
BDI,"Burundi",2015,0,0,4.4,2
BDI,"Burundi",2016,0,0,4,2
BDI,"Burundi",2017,0,0,4.6,2
BDI,"Burundi",2018,0,0,4,2
BDI,"Burundi",2019,1,0,6.5,2
BEL,"Belgium",2003,,,,
BEL,"Belgium",2004,,0,53.3,
BEL,"Belgium",2005,,0,55.3,
BEL,"Belgium",2006,,0,56.2,
BEL,"Belgium",2007,,0,57.2,
BEL,"Belgium",2008,,0,57.7,
BEL,"Belgium",2009,,0,56.5,
BEL,"Belgium",2010,,0,57.2,
BEL,"Belgium",2011,,0,72.6,
BEL,"Belgium",2012,,0,89,
BEL,"Belgium",2013,5,0,96.2,4
BEL,"Belgium",2014,5,0,96.4,4
BEL,"Belgium",2015,5,0,96.3,4
BEL,"Belgium",2016,5,0,95.3,4
BEL,"Belgium",2017,5,0,95.5,4
BEL,"Belgium",2018,5,0,95.7,8
BEL,"Belgium",2019,5,0,95.6,8
BEN,"Benin",2003,,,,
BEN,"Benin",2004,,0,0.4,
BEN,"Benin",2005,,0,0.4,
BEN,"Benin",2006,,0,0.4,
BEN,"Benin",2007,,0,0.4,
BEN,"Benin",2008,,0,0.4,
BEN,"Benin",2009,,0,0.4,
BEN,"Benin",2010,,0,0.4,
BEN,"Benin",2011,,0,0.4,
BEN,"Benin",2012,,0,0.4,
BEN,"Benin",2013,0,0,0.4,6
BEN,"Benin",2014,0,0,0.6,6
BEN,"Benin",2015,0,0,0.6,6
BEN,"Benin",2016,0,0,0.6,6
BEN,"Benin",2017,0,0,0.7,6
BEN,"Benin",2018,0,0,0.8,6
BEN,"Benin",2019,0,1.3,0,6
BFA,"Burkina Faso",2003,,,,
BFA,"Burkina Faso",2004,,0,0.2,
BFA,"Burkina Faso",2005,,0,1.9,
BFA,"Burkina Faso",2006,,0,2.4,
BFA,"Burkina Faso",2007,,0,2.1,
BFA,"Burkina Faso",2008,,0,1.9,
BFA,"Burkina Faso",2009,,0,1.9,
BFA,"Burkina Faso",2010,,0,1.8,
BFA,"Burkina Faso",2011,,0,1.8,
BFA,"Burkina Faso",2012,,0,1.7,
BFA,"Burkina Faso",2013,0,0,2,6
BFA,"Burkina Faso",2014,0,0,2,6
BFA,"Burkina Faso",2015,0,0,0.3,6
BFA,"Burkina Faso",2016,0,0,0.3,6
BFA,"Burkina Faso",2017,0,0.3,0.4,6
BFA,"Burkina Faso",2018,0,1.1,0.5,6
BFA,"Burkina Faso",2019,0,2,0,6
BGD,"Bangladesh",2003,,,,
BGD,"Bangladesh",2004,,,,
BGD,"Bangladesh",2005,,,,
BGD,"Bangladesh",2006,,,,
BGD,"Bangladesh",2007,,,,
BGD,"Bangladesh",2008,,,,
BGD,"Bangladesh",2009,,,,
BGD,"Bangladesh",2010,,,,
BGD,"Bangladesh",2011,,,,
BGD,"Bangladesh",2012,,,,
BGD,"Bangladesh",2013,0,0,0.8,5
BGD,"Bangladesh",2014,0,0,0.9,5
BGD,"Bangladesh",2015,0,0,0.9,5
BGD,"Bangladesh",2016,0,0,0.9,5
BGD,"Bangladesh",2017,0,0,0.9,5
BGD,"Bangladesh",2018,0,0,3.2,5
BGD,"Bangladesh",2019,4,0,5.2,5
BGD,"Chittagong",2003,,,,
BGD,"Chittagong",2004,,,,
BGD,"Chittagong",2005,,,,
BGD,"Chittagong",2006,,,,
BGD,"Chittagong",2007,,,,
BGD,"Chittagong",2008,,,,
BGD,"Chittagong",2009,,,,
BGD,"Chittagong",2010,,,,
BGD,"Chittagong",2011,,,,
BGD,"Chittagong",2012,,,,
BGD,"Chittagong",2013,0,0,0.8,5
BGD,"Chittagong",2014,0,0,0.9,5
BGD,"Chittagong",2015,0,0,0.9,5
BGD,"Chittagong",2016,0,0,0.9,5
BGD,"Chittagong",2017,0,0,0.9,5
BGD,"Chittagong",2018,0,0,3.2,5
BGD,"Chittagong",2019,4,0,5.2,5
BGD,"Dhaka",2003,,,,
BGD,"Dhaka",2004,,0,0.7,
BGD,"Dhaka",2005,,0,0.4,
BGD,"Dhaka",2006,,0,0.6,
BGD,"Dhaka",2007,,0,0.7,
BGD,"Dhaka",2008,,0,0.6,
BGD,"Dhaka",2009,,0,0.9,
BGD,"Dhaka",2010,,0,0.6,
BGD,"Dhaka",2011,,0,0.6,
BGD,"Dhaka",2012,,0,0.8,
BGD,"Dhaka",2013,0,0,0.8,5
BGD,"Dhaka",2014,0,0,0.9,5
BGD,"Dhaka",2015,0,0,0.9,5
BGD,"Dhaka",2016,0,0,0.9,5
BGD,"Dhaka",2017,0,0,0.9,5
BGD,"Dhaka",2018,0,0,3.2,5
BGD,"Dhaka",2019,4,0,5.2,5
BGR,"Bulgaria",2003,,,,
BGR,"Bulgaria",2004,,0,1.3,
BGR,"Bulgaria",2005,,0,13.6,
BGR,"Bulgaria",2006,,3,20.7,
BGR,"Bulgaria",2007,,3,25.4,
BGR,"Bulgaria",2008,,5,30.7,
BGR,"Bulgaria",2009,,6.2,34.8,
BGR,"Bulgaria",2010,,13.1,37,
BGR,"Bulgaria",2011,,0,52.8,
BGR,"Bulgaria",2012,,0,56.3,
BGR,"Bulgaria",2013,5,0,61,8
BGR,"Bulgaria",2014,5,0,62.9,8
BGR,"Bulgaria",2015,5,0,64.7,8
BGR,"Bulgaria",2016,5,0,66.9,8
BGR,"Bulgaria",2017,5,0,74.3,8
BGR,"Bulgaria",2018,5,0,75.4,8
BGR,"Bulgaria",2019,5,0,78,8
BHR,"Bahrain",2003,,,,
BHR,"Bahrain",2004,,,,
BHR,"Bahrain",2005,,,,
BHR,"Bahrain",2006,,,,
BHR,"Bahrain",2007,,29.1,0,
BHR,"Bahrain",2008,,29.1,0,
BHR,"Bahrain",2009,,25,0,
BHR,"Bahrain",2010,,23,0,
BHR,"Bahrain",2011,,23.6,0,
BHR,"Bahrain",2012,,23.5,0,
BHR,"Bahrain",2013,6,26,0,1
BHR,"Bahrain",2014,7,48.3,0,1
BHR,"Bahrain",2015,7,29,0,1
BHR,"Bahrain",2016,8,25.7,0,1
BHR,"Bahrain",2017,8,27.8,0,1
BHR,"Bahrain",2018,8,28,0,1
BHR,"Bahrain",2019,8,40.9,0,3
BHS,"Bahamas, The",2003,,,,
BHS,"Bahamas, The",2004,,,,
BHS,"Bahamas, The",2005,,,,
BHS,"Bahamas, The",2006,,,,
BHS,"Bahamas, The",2007,,0,0,
BHS,"Bahamas, The",2008,,0,0,
BHS,"Bahamas, The",2009,,0,0,
BHS,"Bahamas, The",2010,,0,0,
BHS,"Bahamas, The",2011,,0,0,
BHS,"Bahamas, The",2012,,0,0,
BHS,"Bahamas, The",2013,0,0,0,6
BHS,"Bahamas, The",2014,0,0,0,6
BHS,"Bahamas, The",2015,0,0,0,6
BHS,"Bahamas, The",2016,0,0,0,6
BHS,"Bahamas, The",2017,0,0,0,6
BHS,"Bahamas, The",2018,0,0,0,6
BHS,"Bahamas, The",2019,0,0,0,6
BIH,"Bosnia and Herzegovina",2003,,,,
BIH,"Bosnia and Herzegovina",2004,,15.6,0,
BIH,"Bosnia and Herzegovina",2005,,19.3,0,
BIH,"Bosnia and Herzegovina",2006,,22.9,0,
BIH,"Bosnia and Herzegovina",2007,,63.7,0,
BIH,"Bosnia and Herzegovina",2008,,69.2,0,
BIH,"Bosnia and Herzegovina",2009,,64.3,23.2,
BIH,"Bosnia and Herzegovina",2010,,47.2,30.2,
BIH,"Bosnia and Herzegovina",2011,,39.6,35.3,
BIH,"Bosnia and Herzegovina",2012,,4.8,36.2,
BIH,"Bosnia and Herzegovina",2013,5,4.9,39.1,7
BIH,"Bosnia and Herzegovina",2014,6,8.1,39.7,7
BIH,"Bosnia and Herzegovina",2015,6,9.9,38,7
BIH,"Bosnia and Herzegovina",2016,6,10.4,37.6,7
BIH,"Bosnia and Herzegovina",2017,6,12.1,41.5,7
BIH,"Bosnia and Herzegovina",2018,6,12.9,43.7,7
BIH,"Bosnia and Herzegovina",2019,6,14,47.1,7
BLR,"Belarus",2003,,,,
BLR,"Belarus",2004,,0,1.1,
BLR,"Belarus",2005,,0,1.1,
BLR,"Belarus",2006,,0,1.1,
BLR,"Belarus",2007,,0,1.1,
BLR,"Belarus",2008,,0,2.4,
BLR,"Belarus",2009,,0,23.4,
BLR,"Belarus",2010,,0,33.5,
BLR,"Belarus",2011,,0,49.5,
BLR,"Belarus",2012,,0,56.2,
BLR,"Belarus",2013,6,0,60.3,1
BLR,"Belarus",2014,6,0,64.5,1
BLR,"Belarus",2015,6,0,66.9,1
BLR,"Belarus",2016,7,0,70.1,1
BLR,"Belarus",2017,7,0,72.2,3
BLR,"Belarus",2018,7,0,48.8,3
BLR,"Belarus",2019,7,0,53,3
BLZ,"Belize",2003,,,,
BLZ,"Belize",2004,,,,
BLZ,"Belize",2005,,0,0,
BLZ,"Belize",2006,,0,0,
BLZ,"Belize",2007,,0,0,
BLZ,"Belize",2008,,0,0,
BLZ,"Belize",2009,,0,0,
BLZ,"Belize",2010,,0,0,
BLZ,"Belize",2011,,0,0,
BLZ,"Belize",2012,,0,0,
BLZ,"Belize",2013,0,0,0,4
BLZ,"Belize",2014,0,0,0,4
BLZ,"Belize",2015,0,0,0,4
BLZ,"Belize",2016,0,0,0,4
BLZ,"Belize",2017,0,0,0,4
BLZ,"Belize",2018,0,0,0,4
BLZ,"Belize",2019,0,0,0,4
BOL,"Bolivia",2003,,,,
BOL,"Bolivia",2004,,24.6,9.6,
BOL,"Bolivia",2005,,24.6,10.3,
BOL,"Bolivia",2006,,20.3,11.5,
BOL,"Bolivia",2007,,22.6,12.1,
BOL,"Bolivia",2008,,29.7,11.9,
BOL,"Bolivia",2009,,33.9,11.6,
BOL,"Bolivia",2010,,31.4,11.3,
BOL,"Bolivia",2011,,35.9,11.8,
BOL,"Bolivia",2012,,34.7,14.8,
BOL,"Bolivia",2013,7,36.5,14.1,0
BOL,"Bolivia",2014,7,39,15.1,0
BOL,"Bolivia",2015,7,43.2,15,0
BOL,"Bolivia",2016,7,45.2,15.4,0
BOL,"Bolivia",2017,7,49.8,16.1,0
BOL,"Bolivia",2018,7,52.9,17.6,0
BOL,"Bolivia",2019,7,55,26.1,0
BRA,"Brazil",2003,,,,
BRA,"Brazil",2004,,,,
BRA,"Brazil",2005,,,,
BRA,"Brazil",2006,,,,
BRA,"Brazil",2007,,,,
BRA,"Brazil",2008,,,,
BRA,"Brazil",2009,,,,
BRA,"Brazil",2010,,,,
BRA,"Brazil",2011,,,,
BRA,"Brazil",2012,,,,
BRA,"Brazil",2013,7,63.4,50.4,2
BRA,"Brazil",2014,7,63.6,52.5,2
BRA,"Brazil",2015,7,79,55.1,2
BRA,"Brazil",2016,7,78.9,53.4,2
BRA,"Brazil",2017,7,79.3,75.6,2
BRA,"Brazil",2018,8,80.5,78.7,2
BRA,"Brazil",2019,8,81.2,79,2
BRA,"Rio de Janeiro",2003,,,,
BRA,"Rio de Janeiro",2004,,,,
BRA,"Rio de Janeiro",2005,,,,
BRA,"Rio de Janeiro",2006,,,,
BRA,"Rio de Janeiro",2007,,,,
BRA,"Rio de Janeiro",2008,,,,
BRA,"Rio de Janeiro",2009,,,,
BRA,"Rio de Janeiro",2010,,,,
BRA,"Rio de Janeiro",2011,,,,
BRA,"Rio de Janeiro",2012,,,,
BRA,"Rio de Janeiro",2013,7,63.4,50.4,2
BRA,"Rio de Janeiro",2014,7,63.6,52.5,2
BRA,"Rio de Janeiro",2015,7,79,55.1,2
BRA,"Rio de Janeiro",2016,7,78.9,53.4,2
BRA,"Rio de Janeiro",2017,7,79.3,75.6,2
BRA,"Rio de Janeiro",2018,8,80.5,78.7,2
BRA,"Rio de Janeiro",2019,8,81.2,79,2
BRA,"Sao Paulo",2003,,,,
BRA,"Sao Paulo",2004,,42.5,7.8,
BRA,"Sao Paulo",2005,,53.6,9.6,
BRA,"Sao Paulo",2006,,43,16.9,
BRA,"Sao Paulo",2007,,46.4,17.1,
BRA,"Sao Paulo",2008,,62.2,20.2,
BRA,"Sao Paulo",2009,,59.2,23.7,
BRA,"Sao Paulo",2010,,53.5,26.9,
BRA,"Sao Paulo",2011,,61.5,36.1,
BRA,"Sao Paulo",2012,,62.2,46.8,
BRA,"Sao Paulo",2013,7,63.4,50.4,2
BRA,"Sao Paulo",2014,7,63.6,52.5,2
BRA,"Sao Paulo",2015,7,79,55.1,2
BRA,"Sao Paulo",2016,7,78.9,53.4,2
BRA,"Sao Paulo",2017,7,79.3,75.6,2
BRA,"Sao Paulo",2018,8,80.5,78.7,2
BRA,"Sao Paulo",2019,8,81.2,79,2
BRB,"Barbados",2003,,,,
BRB,"Barbados",2004,,,,
BRB,"Barbados",2005,,,,
BRB,"Barbados",2006,,,,
BRB,"Barbados",2007,,,,
BRB,"Barbados",2008,,,,
BRB,"Barbados",2009,,,,
BRB,"Barbados",2010,,,,
BRB,"Barbados",2011,,0,0,
BRB,"Barbados",2012,,0,0,
BRB,"Barbados",2013,0,0,0,6
BRB,"Barbados",2014,0,0,0,6
BRB,"Barbados",2015,0,0,0,6
BRB,"Barbados",2016,0,0,0,6
BRB,"Barbados",2017,0,0,0,6
BRB,"Barbados",2018,0,0,0,6
BRB,"Barbados",2019,0,0,0,6
BRN,"Brunei Darussalam",2003,,,,
BRN,"Brunei Darussalam",2004,,,,
BRN,"Brunei Darussalam",2005,,,,
BRN,"Brunei Darussalam",2006,,0,0,
BRN,"Brunei Darussalam",2007,,0,0,
BRN,"Brunei Darussalam",2008,,0,0,
BRN,"Brunei Darussalam",2009,,0,0,
BRN,"Brunei Darussalam",2010,,0,0,
BRN,"Brunei Darussalam",2011,,0,0,
BRN,"Brunei Darussalam",2012,,0,0,
BRN,"Brunei Darussalam",2013,5,0,55.7,4
BRN,"Brunei Darussalam",2014,5,0,56.6,4
BRN,"Brunei Darussalam",2015,6,0,61.2,4
BRN,"Brunei Darussalam",2016,7,0,61.8,5
BRN,"Brunei Darussalam",2017,7,0,71.9,12
BRN,"Brunei Darussalam",2018,8,0,75.2,12
BRN,"Brunei Darussalam",2019,8,0,76.8,12
BTN,"Bhutan",2003,,,,
BTN,"Bhutan",2004,,0,0,
BTN,"Bhutan",2005,,0,0,
BTN,"Bhutan",2006,,0,0,
BTN,"Bhutan",2007,,0,0,
BTN,"Bhutan",2008,,0,0,
BTN,"Bhutan",2009,,0,0,
BTN,"Bhutan",2010,,0,0,
BTN,"Bhutan",2011,,0,6.4,
BTN,"Bhutan",2012,,0,13.5,
BTN,"Bhutan",2013,6,0,15.6,4
BTN,"Bhutan",2014,6,18,0,4
BTN,"Bhutan",2015,6,23.2,0,4
BTN,"Bhutan",2016,6,26,0,4
BTN,"Bhutan",2017,7,25.9,0,4
BTN,"Bhutan",2018,7,35.9,0,4
BTN,"Bhutan",2019,7,42.5,0,4
BWA,"Botswana",2003,,,,
BWA,"Botswana",2004,,30.9,0,
BWA,"Botswana",2005,,30.8,0,
BWA,"Botswana",2006,,43.2,0,
BWA,"Botswana",2007,,58.3,0,
BWA,"Botswana",2008,,52.9,0,
BWA,"Botswana",2009,,51.9,0,
BWA,"Botswana",2010,,57.6,0,
BWA,"Botswana",2011,,59.6,0,
BWA,"Botswana",2012,,58.9,0,
BWA,"Botswana",2013,7,60.7,0,5
BWA,"Botswana",2014,7,51.7,0,5
BWA,"Botswana",2015,7,51.1,0,5
BWA,"Botswana",2016,7,53.5,0,5
BWA,"Botswana",2017,7,54,0,5
BWA,"Botswana",2018,7,53.6,0,5
BWA,"Botswana",2019,7,54.4,0,5
CAF,"Central African Republic",2003,,,,
CAF,"Central African Republic",2004,,0,0.1,
CAF,"Central African Republic",2005,,0,1.2,
CAF,"Central African Republic",2006,,0,1.1,
CAF,"Central African Republic",2007,,0,1.4,
CAF,"Central African Republic",2008,,0,1.2,
CAF,"Central African Republic",2009,,0,2.1,
CAF,"Central African Republic",2010,,0,2,
CAF,"Central African Republic",2011,,0,2.2,
CAF,"Central African Republic",2012,,0,2.4,
CAF,"Central African Republic",2013,0,0,3.1,6
CAF,"Central African Republic",2014,0,0,2.6,6
CAF,"Central African Republic",2015,0,0,3.3,6
CAF,"Central African Republic",2016,0,0,3.1,6
CAF,"Central African Republic",2017,0,0,3.3,6
CAF,"Central African Republic",2018,0,0,4.6,6
CAF,"Central African Republic",2019,1,0,5.1,6
CAN,"Canada",2003,,,,
CAN,"Canada",2004,,100,0,
CAN,"Canada",2005,,100,0,
CAN,"Canada",2006,,100,0,
CAN,"Canada",2007,,100,0,
CAN,"Canada",2008,,100,0,
CAN,"Canada",2009,,100,0,
CAN,"Canada",2010,,100,0,
CAN,"Canada",2011,,100,0,
CAN,"Canada",2012,,100,0,
CAN,"Canada",2013,8,100,0,9
CAN,"Canada",2014,8,100,0,9
CAN,"Canada",2015,8,100,0,9
CAN,"Canada",2016,8,100,0,9
CAN,"Canada",2017,8,100,0,9
CAN,"Canada",2018,8,100,0,9
CAN,"Canada",2019,8,100,0,9
CHE,"Switzerland",2003,,,,
CHE,"Switzerland",2004,,23.3,0,
CHE,"Switzerland",2005,,23.3,0,
CHE,"Switzerland",2006,,24.5,0,
CHE,"Switzerland",2007,,24,0,
CHE,"Switzerland",2008,,22.5,0,
CHE,"Switzerland",2009,,22.5,0,
CHE,"Switzerland",2010,,22.3,0,
CHE,"Switzerland",2011,,27.3,0,
CHE,"Switzerland",2012,,26.8,0,
CHE,"Switzerland",2013,7,26.5,0,6
CHE,"Switzerland",2014,7,26.3,0,6
CHE,"Switzerland",2015,7,26.1,0,6
CHE,"Switzerland",2016,7,25.8,0,6
CHE,"Switzerland",2017,7,25.6,0,6
CHE,"Switzerland",2018,7,25.4,0,6
CHE,"Switzerland",2019,7,28.8,0,6
CHL,"Chile",2003,,,,
CHL,"Chile",2004,,22,29,
CHL,"Chile",2005,,22.1,25.9,
CHL,"Chile",2006,,19.3,31.3,
CHL,"Chile",2007,,33.5,26.2,
CHL,"Chile",2008,,34.5,28.1,
CHL,"Chile",2009,,33.9,32.9,
CHL,"Chile",2010,,22.9,30.9,
CHL,"Chile",2011,,25.8,35.6,
CHL,"Chile",2012,,3.5,37.4,
CHL,"Chile",2013,7,5.9,40.5,4
CHL,"Chile",2014,7,8.8,44.7,4
CHL,"Chile",2015,7,11.2,45.1,4
CHL,"Chile",2016,7,12.4,48.4,4
CHL,"Chile",2017,7,14.3,49.5,4
CHL,"Chile",2018,7,32.4,50.2,4
CHL,"Chile",2019,7,44,59.1,4
CHN,"Beijing",2003,,,,
CHN,"Beijing",2004,,,,
CHN,"Beijing",2005,,,,
CHN,"Beijing",2006,,,,
CHN,"Beijing",2007,,,,
CHN,"Beijing",2008,,,,
CHN,"Beijing",2009,,,,
CHN,"Beijing",2010,,,,
CHN,"Beijing",2011,,,,
CHN,"Beijing",2012,,,,
CHN,"Beijing",2013,6,0,30.2,3
CHN,"Beijing",2014,6,0,33.2,3
CHN,"Beijing",2015,6,0,89.5,3
CHN,"Beijing",2016,8,0,91.1,3
CHN,"Beijing",2017,8,0,95.3,3
CHN,"Beijing",2018,8,0,98.1,3
CHN,"Beijing",2019,8,0,100,3
CHN,"China",2003,,,,
CHN,"China",2004,,,,
CHN,"China",2005,,,,
CHN,"China",2006,,,,
CHN,"China",2007,,,,
CHN,"China",2008,,,,
CHN,"China",2009,,,,
CHN,"China",2010,,,,
CHN,"China",2011,,,,
CHN,"China",2012,,,,
CHN,"China",2013,6,0,30.2,3
CHN,"China",2014,6,0,33.2,3
CHN,"China",2015,6,0,89.5,3
CHN,"China",2016,8,0,91.1,3
CHN,"China",2017,8,0,95.3,3
CHN,"China",2018,8,0,98.1,3
CHN,"China",2019,8,0,100,3
CHN,"Shanghai",2003,,,,
CHN,"Shanghai",2004,,0,0.4,
CHN,"Shanghai",2005,,0,0.4,
CHN,"Shanghai",2006,,0,10.2,
CHN,"Shanghai",2007,,0,7.8,
CHN,"Shanghai",2008,,0,10.1,
CHN,"Shanghai",2009,,0,13.7,
CHN,"Shanghai",2010,,0,16.9,
CHN,"Shanghai",2011,,0,23.7,
CHN,"Shanghai",2012,,0,27.7,
CHN,"Shanghai",2013,6,0,30.2,3
CHN,"Shanghai",2014,6,0,33.2,3
CHN,"Shanghai",2015,6,0,89.5,3
CHN,"Shanghai",2016,8,0,91.1,3
CHN,"Shanghai",2017,8,0,95.3,3
CHN,"Shanghai",2018,8,0,98.1,3
CHN,"Shanghai",2019,8,0,100,3
CIV,"Côte d'Ivoire",2003,,,,
CIV,"Côte d'Ivoire",2004,,0,0.2,
CIV,"Côte d'Ivoire",2005,,0,3,
CIV,"Côte d'Ivoire",2006,,0,3.1,
CIV,"Côte d'Ivoire",2007,,0,2.8,
CIV,"Côte d'Ivoire",2008,,0,2.9,
CIV,"Côte d'Ivoire",2009,,0,2.7,
CIV,"Côte d'Ivoire",2010,,0,2.6,
CIV,"Côte d'Ivoire",2011,,0,2.6,
CIV,"Côte d'Ivoire",2012,,0,2.9,
CIV,"Côte d'Ivoire",2013,0,0,3.2,6
CIV,"Côte d'Ivoire",2014,0,0,3.2,6
CIV,"Côte d'Ivoire",2015,0,0,0.3,6
CIV,"Côte d'Ivoire",2016,0,2.3,0.3,6
CIV,"Côte d'Ivoire",2017,0,4,0.3,6
CIV,"Côte d'Ivoire",2018,8,9.6,0.3,6
CIV,"Côte d'Ivoire",2019,8,22.1,0,6
CMR,"Cameroon",2003,,,,
CMR,"Cameroon",2004,,0,0.1,
CMR,"Cameroon",2005,,0,0.8,
CMR,"Cameroon",2006,,0,3.4,
CMR,"Cameroon",2007,,0,1,
CMR,"Cameroon",2008,,0,4.9,
CMR,"Cameroon",2009,,0,1.8,
CMR,"Cameroon",2010,,0,2.9,
CMR,"Cameroon",2011,,0,3.6,
CMR,"Cameroon",2012,,0,9.1,
CMR,"Cameroon",2013,1,0,8.9,6
CMR,"Cameroon",2014,1,0,5.4,6
CMR,"Cameroon",2015,1,0,6.5,6
CMR,"Cameroon",2016,1,0,8,6
CMR,"Cameroon",2017,6,0,8,6
CMR,"Cameroon",2018,6,0,11.1,6
CMR,"Cameroon",2019,6,0,40.1,6
COD,"Congo, Dem. Rep.",2003,,,,
COD,"Congo, Dem. Rep.",2004,,0,0,
COD,"Congo, Dem. Rep.",2005,,0,0,
COD,"Congo, Dem. Rep.",2006,,0,0,
COD,"Congo, Dem. Rep.",2007,,0,0,
COD,"Congo, Dem. Rep.",2008,,0,0,
COD,"Congo, Dem. Rep.",2009,,0,0,
COD,"Congo, Dem. Rep.",2010,,0,0,
COD,"Congo, Dem. Rep.",2011,,0,0,
COD,"Congo, Dem. Rep.",2012,,0,0,
COD,"Congo, Dem. Rep.",2013,0,0,0,6
COD,"Congo, Dem. Rep.",2014,0,0,0.2,6
COD,"Congo, Dem. Rep.",2015,0,0,0.3,6
COD,"Congo, Dem. Rep.",2016,0,0,0.7,6
COD,"Congo, Dem. Rep.",2017,0,0,0.7,6
COD,"Congo, Dem. Rep.",2018,0,0,0.7,6
COD,"Congo, Dem. Rep.",2019,0,0,1.5,6
COG,"Congo, Rep.",2003,,,,
COG,"Congo, Rep.",2004,,0,0.1,
COG,"Congo, Rep.",2005,,0,2.3,
COG,"Congo, Rep.",2006,,0,1.4,
COG,"Congo, Rep.",2007,,0,2.4,
COG,"Congo, Rep.",2008,,0,2.4,
COG,"Congo, Rep.",2009,,0,3,
COG,"Congo, Rep.",2010,,0,2.9,
COG,"Congo, Rep.",2011,,0,8.2,
COG,"Congo, Rep.",2012,,0,8.3,
COG,"Congo, Rep.",2013,2,0,9,6
COG,"Congo, Rep.",2014,2,0,9.4,6
COG,"Congo, Rep.",2015,2,0,10.9,6
COG,"Congo, Rep.",2016,2,0,12.2,6
COG,"Congo, Rep.",2017,1,0,11.9,6
COG,"Congo, Rep.",2018,1,0,12.4,6
COG,"Congo, Rep.",2019,2,0,13.2,6
COL,"Colombia",2003,,,,
COL,"Colombia",2004,,30,0,
COL,"Colombia",2005,,31.7,0,
COL,"Colombia",2006,,28.3,0,
COL,"Colombia",2007,,39.9,0,
COL,"Colombia",2008,,42.5,0,
COL,"Colombia",2009,,60.5,0,
COL,"Colombia",2010,,63.1,0,
COL,"Colombia",2011,,71.2,0,
COL,"Colombia",2012,,72.5,0,
COL,"Colombia",2013,7,83.8,0,3
COL,"Colombia",2014,7,87,0,11
COL,"Colombia",2015,7,88.7,0,11
COL,"Colombia",2016,7,92.1,0,11
COL,"Colombia",2017,7,94.5,0,11
COL,"Colombia",2018,7,78.4,0,11
COL,"Colombia",2019,7,82.4,0,11
COM,"Comoros",2003,,,,
COM,"Comoros",2004,,,,
COM,"Comoros",2005,,0,0,
COM,"Comoros",2006,,0,0,
COM,"Comoros",2007,,0,0,
COM,"Comoros",2008,,0,0,
COM,"Comoros",2009,,0,0,
COM,"Comoros",2010,,0,0,
COM,"Comoros",2011,,0,0,
COM,"Comoros",2012,,0,0,
COM,"Comoros",2013,0,0,0,6
COM,"Comoros",2014,0,0,0,6
COM,"Comoros",2015,2,0,7.4,6
COM,"Comoros",2016,2,0,7.9,6
COM,"Comoros",2017,2,0,9.8,6
COM,"Comoros",2018,2,0,13,6
COM,"Comoros",2019,2,0,11.9,6
CPV,"Cabo Verde",2003,,,,
CPV,"Cabo Verde",2004,,,,
CPV,"Cabo Verde",2005,,0,11.9,
CPV,"Cabo Verde",2006,,0,11.9,
CPV,"Cabo Verde",2007,,0,20.3,
CPV,"Cabo Verde",2008,,0,21.8,
CPV,"Cabo Verde",2009,,0,23,
CPV,"Cabo Verde",2010,,0,22.1,
CPV,"Cabo Verde",2011,,0,20.2,
CPV,"Cabo Verde",2012,,0,19.7,
CPV,"Cabo Verde",2013,6,0,17.3,1
CPV,"Cabo Verde",2014,6,0,16.7,1
CPV,"Cabo Verde",2015,6,0,17.8,1
CPV,"Cabo Verde",2016,6,0,20,1
CPV,"Cabo Verde",2017,6,0,19.6,1
CPV,"Cabo Verde",2018,6,0,19.9,1
CPV,"Cabo Verde",2019,6,0,20,1
CRI,"Costa Rica",2003,,,,
CRI,"Costa Rica",2004,,4.5,1.6,
CRI,"Costa Rica",2005,,4.5,2.1,
CRI,"Costa Rica",2006,,39.2,2.5,
CRI,"Costa Rica",2007,,52.7,6.1,
CRI,"Costa Rica",2008,,51.6,14.6,
CRI,"Costa Rica",2009,,56,24.3,
CRI,"Costa Rica",2010,,64.8,23.3,
CRI,"Costa Rica",2011,,78.9,25.5,
CRI,"Costa Rica",2012,,100,28.3,
CRI,"Costa Rica",2013,7,100,25.4,2
CRI,"Costa Rica",2014,7,100,27.4,2
CRI,"Costa Rica",2015,7,100,27.5,10
CRI,"Costa Rica",2016,7,100,30.5,10
CRI,"Costa Rica",2017,7,100,32.2,10
CRI,"Costa Rica",2018,7,87.9,34.5,10
CRI,"Costa Rica",2019,7,86,36.4,10
CYP,"Cyprus",2003,,,,
CYP,"Cyprus",2004,,,,
CYP,"Cyprus",2005,,,,
CYP,"Cyprus",2006,,,,
CYP,"Cyprus",2007,,,,
CYP,"Cyprus",2008,,0,0,
CYP,"Cyprus",2009,,0,0,
CYP,"Cyprus",2010,,5.3,0,
CYP,"Cyprus",2011,,7.4,0,
CYP,"Cyprus",2012,,6.5,0,
CYP,"Cyprus",2013,3,6.7,0,7
CYP,"Cyprus",2014,4,6.8,0,7
CYP,"Cyprus",2015,6,67.3,0,7
CYP,"Cyprus",2016,5,68.9,0,7
CYP,"Cyprus",2017,5,72.9,0,7
CYP,"Cyprus",2018,5,73.1,0,7
CYP,"Cyprus",2019,5,81.4,0,7
CZE,"Czech Republic",2003,,,,
CZE,"Czech Republic",2004,,24.9,2.1,
CZE,"Czech Republic",2005,,37.9,2.8,
CZE,"Czech Republic",2006,,51,3.5,
CZE,"Czech Republic",2007,,53,4.2,
CZE,"Czech Republic",2008,,65.2,4.6,
CZE,"Czech Republic",2009,,73.1,4.9,
CZE,"Czech Republic",2010,,73.2,4.9,
CZE,"Czech Republic",2011,,95.7,6.1,
CZE,"Czech Republic",2012,,74.2,6.1,
CZE,"Czech Republic",2013,7,76,6.4,5
CZE,"Czech Republic",2014,7,76.6,6.4,7
CZE,"Czech Republic",2015,7,78.7,6.7,7
CZE,"Czech Republic",2016,7,79.2,6.8,7
CZE,"Czech Republic",2017,7,79.5,7,7
CZE,"Czech Republic",2018,7,80.5,7.2,7
CZE,"Czech Republic",2019,7,81.1,7.3,7
DEU,"Germany",2003,,,,
DEU,"Germany",2004,,85.6,0.6,
DEU,"Germany",2005,,88.2,0.6,
DEU,"Germany",2006,,93.9,0.5,
DEU,"Germany",2007,,98.1,0.7,
DEU,"Germany",2008,,98.4,0.7,
DEU,"Germany",2009,,98.3,0.8,
DEU,"Germany",2010,,98.4,1,
DEU,"Germany",2011,,100,1.3,
DEU,"Germany",2012,,100,1.3,
DEU,"Germany",2013,8,100,0,6
DEU,"Germany",2014,8,100,1.3,6
DEU,"Germany",2015,8,100,1.6,6
DEU,"Germany",2016,8,100,1.9,6
DEU,"Germany",2017,8,100,1.9,6
DEU,"Germany",2018,8,100,2,6
DEU,"Germany",2019,8,100,1.8,6
DJI,"Djibouti",2003,,,,
DJI,"Djibouti",2004,,,,
DJI,"Djibouti",2005,,0,0.2,
DJI,"Djibouti",2006,,0,0.2,
DJI,"Djibouti",2007,,0,0.2,
DJI,"Djibouti",2008,,0,0.2,
DJI,"Djibouti",2009,,0,0.2,
DJI,"Djibouti",2010,,0,0.2,
DJI,"Djibouti",2011,,0,0.2,
DJI,"Djibouti",2012,,0,0.2,
DJI,"Djibouti",2013,0,0,0.3,1
DJI,"Djibouti",2014,0,0,0.3,1
DJI,"Djibouti",2015,0,0,0.4,1
DJI,"Djibouti",2016,0,0,0.4,1
DJI,"Djibouti",2017,0,0,0.4,1
DJI,"Djibouti",2018,0,0,0.4,5
DJI,"Djibouti",2019,0,0,0.4,8
DMA,"Dominica",2003,,,,
DMA,"Dominica",2004,,,,
DMA,"Dominica",2005,,0,0,
DMA,"Dominica",2006,,0,0,
DMA,"Dominica",2007,,0,0,
DMA,"Dominica",2008,,0,0,
DMA,"Dominica",2009,,0,0,
DMA,"Dominica",2010,,0,0,
DMA,"Dominica",2011,,0,0,
DMA,"Dominica",2012,,0,0,
DMA,"Dominica",2013,0,0,0,6
DMA,"Dominica",2014,0,0,0,6
DMA,"Dominica",2015,0,0,0,6
DMA,"Dominica",2016,0,0,0,6
DMA,"Dominica",2017,0,0,0,6
DMA,"Dominica",2018,0,0,0,6
DMA,"Dominica",2019,0,0,0,6
DNK,"Denmark",2003,,,,
DNK,"Denmark",2004,,7.1,0,
DNK,"Denmark",2005,,7.7,0,
DNK,"Denmark",2006,,11.5,0,
DNK,"Denmark",2007,,11.5,0,
DNK,"Denmark",2008,,5,0,
DNK,"Denmark",2009,,5.2,0,
DNK,"Denmark",2010,,5.4,0,
DNK,"Denmark",2011,,7.3,0,
DNK,"Denmark",2012,,7.3,0,
DNK,"Denmark",2013,6,7.5,0,8
DNK,"Denmark",2014,6,7.8,0,8
DNK,"Denmark",2015,6,7.7,0,8
DNK,"Denmark",2016,6,7.4,0,8
DNK,"Denmark",2017,6,7.4,0,8
DNK,"Denmark",2018,6,7.4,0,8
DNK,"Denmark",2019,6,7.3,0,8
DOM,"Dominican Republic",2003,,,,
DOM,"Dominican Republic",2004,,29.4,19.2,
DOM,"Dominican Republic",2005,,34.6,19.2,
DOM,"Dominican Republic",2006,,57.1,11.9,
DOM,"Dominican Republic",2007,,35.4,13.3,
DOM,"Dominican Republic",2008,,35,33.9,
DOM,"Dominican Republic",2009,,46.1,29.7,
DOM,"Dominican Republic",2010,,47.3,28.5,
DOM,"Dominican Republic",2011,,54.3,35.9,
DOM,"Dominican Republic",2012,,60,44.1,
DOM,"Dominican Republic",2013,8,59.8,59.7,1
DOM,"Dominican Republic",2014,8,63.1,38.1,1
DOM,"Dominican Republic",2015,8,74.6,23.2,1
DOM,"Dominican Republic",2016,8,74.9,25.2,1
DOM,"Dominican Republic",2017,8,68.3,26.4,1
DOM,"Dominican Republic",2018,8,100,26.3,1
DOM,"Dominican Republic",2019,8,100,26.8,1
DZA,"Algeria",2003,,,,
DZA,"Algeria",2004,,0,0,
DZA,"Algeria",2005,,0,0,
DZA,"Algeria",2006,,0,0.2,
DZA,"Algeria",2007,,0,0.2,
DZA,"Algeria",2008,,0,0.2,
DZA,"Algeria",2009,,0,0.2,
DZA,"Algeria",2010,,0,0.2,
DZA,"Algeria",2011,,0,0.3,
DZA,"Algeria",2012,,0,2.3,
DZA,"Algeria",2013,0,0,2.4,2
DZA,"Algeria",2014,0,0,2,2
DZA,"Algeria",2015,0,0,1.9,2
DZA,"Algeria",2016,0,0,3,2
DZA,"Algeria",2017,0,0,2.9,2
DZA,"Algeria",2018,0,0,3.2,2
DZA,"Algeria",2019,0,0,3.6,2
ECU,"Ecuador",2003,,,,
ECU,"Ecuador",2004,,43.7,12.4,
ECU,"Ecuador",2005,,43.7,13.6,
ECU,"Ecuador",2006,,43.7,15.2,
ECU,"Ecuador",2007,,44.1,37.9,
ECU,"Ecuador",2008,,46.8,37.7,
ECU,"Ecuador",2009,,46,37.2,
ECU,"Ecuador",2010,,45,36.5,
ECU,"Ecuador",2011,,57.9,0,
ECU,"Ecuador",2012,,53.5,0,
ECU,"Ecuador",2013,8,70.9,0,1
ECU,"Ecuador",2014,8,73,0,1
ECU,"Ecuador",2015,8,52.9,0,1
ECU,"Ecuador",2016,8,58.3,0,1
ECU,"Ecuador",2017,8,71,0,1
ECU,"Ecuador",2018,8,73.3,0,1
ECU,"Ecuador",2019,8,79.7,0,1
EGY,"Egypt, Arab Rep.",2003,,,,
EGY,"Egypt, Arab Rep.",2004,,0,1,
EGY,"Egypt, Arab Rep.",2005,,0,1.2,
EGY,"Egypt, Arab Rep.",2006,,0,1.5,
EGY,"Egypt, Arab Rep.",2007,,0,1.7,
EGY,"Egypt, Arab Rep.",2008,,4.7,2.2,
EGY,"Egypt, Arab Rep.",2009,,8.2,2.5,
EGY,"Egypt, Arab Rep.",2010,,10.3,2.9,
EGY,"Egypt, Arab Rep.",2011,,13.7,3.5,
EGY,"Egypt, Arab Rep.",2012,,16.4,4.3,
EGY,"Egypt, Arab Rep.",2013,8,19.6,5.3,2
EGY,"Egypt, Arab Rep.",2014,8,21.8,5.8,2
EGY,"Egypt, Arab Rep.",2015,8,20.9,6.6,2
EGY,"Egypt, Arab Rep.",2016,8,21.6,7.1,2
EGY,"Egypt, Arab Rep.",2017,8,25.3,7.8,2
EGY,"Egypt, Arab Rep.",2018,8,27.3,8.4,5
EGY,"Egypt, Arab Rep.",2019,8,31.3,9.5,5
ERI,"Eritrea",2003,,,,
ERI,"Eritrea",2004,,0,0,
ERI,"Eritrea",2005,,0,0,
ERI,"Eritrea",2006,,0,0,
ERI,"Eritrea",2007,,0,0,
ERI,"Eritrea",2008,,0,0,
ERI,"Eritrea",2009,,0,0,
ERI,"Eritrea",2010,,0,0,
ERI,"Eritrea",2011,,0,0,
ERI,"Eritrea",2012,,0,0,
ERI,"Eritrea",2013,0,0,0,0
ERI,"Eritrea",2014,0,0,0,0
ERI,"Eritrea",2015,0,0,0,0
ERI,"Eritrea",2016,0,0,0,0
ERI,"Eritrea",2017,0,0,0,0
ERI,"Eritrea",2018,0,0,0,0
ERI,"Eritrea",2019,0,0,0,0
ESP,"Spain",2003,,,,
ESP,"Spain",2004,,6.5,39.4,
ESP,"Spain",2005,,6.5,42.1,
ESP,"Spain",2006,,7.4,44.9,
ESP,"Spain",2007,,8.3,44.9,
ESP,"Spain",2008,,8.1,45.8,
ESP,"Spain",2009,,7.6,45.3,
ESP,"Spain",2010,,10.7,54.6,
ESP,"Spain",2011,,11.4,54.7,
ESP,"Spain",2012,,13.2,53.3,
ESP,"Spain",2013,7,15.6,51.9,5
ESP,"Spain",2014,7,15.3,50,5
ESP,"Spain",2015,7,14.1,49.8,5
ESP,"Spain",2016,7,17.9,49.6,5
ESP,"Spain",2017,7,15.9,79.3,5
ESP,"Spain",2018,7,15.7,67.7,5
ESP,"Spain",2019,7,7.5,68.6,5
EST,"Estonia",2003,,,,
EST,"Estonia",2004,,9.5,0,
EST,"Estonia",2005,,12.5,0,
EST,"Estonia",2006,,18.2,0,
EST,"Estonia",2007,,19.7,0,
EST,"Estonia",2008,,20.6,0,
EST,"Estonia",2009,,20.6,0,
EST,"Estonia",2010,,22.4,0,
EST,"Estonia",2011,,33.1,0,
EST,"Estonia",2012,,33.4,0,
EST,"Estonia",2013,7,33.7,0,7
EST,"Estonia",2014,7,34.2,0,7
EST,"Estonia",2015,7,34.7,0,7
EST,"Estonia",2016,7,35.1,0,7
EST,"Estonia",2017,7,35.2,0,7
EST,"Estonia",2018,7,26.9,0,7
EST,"Estonia",2019,7,22.9,0,7
ETH,"Ethiopia",2003,,,,
ETH,"Ethiopia",2004,,0,0,
ETH,"Ethiopia",2005,,0,0,
ETH,"Ethiopia",2006,,0,0.1,
ETH,"Ethiopia",2007,,0,0.1,
ETH,"Ethiopia",2008,,0,0.1,
ETH,"Ethiopia",2009,,0,0.1,
ETH,"Ethiopia",2010,,0,0.1,
ETH,"Ethiopia",2011,,0,0.2,
ETH,"Ethiopia",2012,,0,0.1,
ETH,"Ethiopia",2013,0,0,0.1,3
ETH,"Ethiopia",2014,0,0,0.2,3
ETH,"Ethiopia",2015,0,0,0.2,3
ETH,"Ethiopia",2016,0,0,0.2,3
ETH,"Ethiopia",2017,0,0,0.3,3
ETH,"Ethiopia",2018,0,0,0.4,3
ETH,"Ethiopia",2019,0,0,0.4,3
FIN,"Finland",2003,,,,
FIN,"Finland",2004,,14.8,0,
FIN,"Finland",2005,,14.7,0,
FIN,"Finland",2006,,14.9,0,
FIN,"Finland",2007,,14.9,0,
FIN,"Finland",2008,,14.8,0,
FIN,"Finland",2009,,14.7,0,
FIN,"Finland",2010,,14.9,0,
FIN,"Finland",2011,,20.5,0,
FIN,"Finland",2012,,18.9,0,
FIN,"Finland",2013,6,19.5,0,6
FIN,"Finland",2014,6,19.6,0,6
FIN,"Finland",2015,6,20.5,0,6
FIN,"Finland",2016,6,20.7,0,6
FIN,"Finland",2017,6,20.9,0,6
FIN,"Finland",2018,6,21.4,0,6
FIN,"Finland",2019,6,22,0,6
FJI,"Fiji",2003,,,,
FJI,"Fiji",2004,,21.2,0,
FJI,"Fiji",2005,,28.3,0,
FJI,"Fiji",2006,,33.4,0,
FJI,"Fiji",2007,,41.2,0,
FJI,"Fiji",2008,,42.3,0,
FJI,"Fiji",2009,,48.6,0,
FJI,"Fiji",2010,,47.7,0,
FJI,"Fiji",2011,,67.6,0,
FJI,"Fiji",2012,,69.5,0,
FJI,"Fiji",2013,5,72.9,0,5
FJI,"Fiji",2014,5,78.9,0,5
FJI,"Fiji",2015,5,82.4,0,5
FJI,"Fiji",2016,0,0,0,5
FJI,"Fiji",2017,0,0,0,5
FJI,"Fiji",2018,0,0,0,5
FJI,"Fiji",2019,0,0,0,5
FRA,"France",2003,,,,
FRA,"France",2004,,0,12.3,
FRA,"France",2005,,0,12.3,
FRA,"France",2006,,0,12.3,
FRA,"France",2007,,0,24.8,
FRA,"France",2008,,0,28.3,
FRA,"France",2009,,0,32.5,
FRA,"France",2010,,0,33.3,
FRA,"France",2011,,0,43.3,
FRA,"France",2012,,0,42.4,
FRA,"France",2013,6,0,43.6,4
FRA,"France",2014,6,0,44.5,4
FRA,"France",2015,6,0,45.1,4
FRA,"France",2016,6,0,46.7,4
FRA,"France",2017,6,0,47.2,4
FRA,"France",2018,6,0,47.1,4
FRA,"France",2019,6,0,47,4
FSM,"Micronesia, Fed. Sts.",2003,,,,
FSM,"Micronesia, Fed. Sts.",2004,,0,0,
FSM,"Micronesia, Fed. Sts.",2005,,0,0,
FSM,"Micronesia, Fed. Sts.",2006,,0,0,
FSM,"Micronesia, Fed. Sts.",2007,,0,0,
FSM,"Micronesia, Fed. Sts.",2008,,0,0,
FSM,"Micronesia, Fed. Sts.",2009,,0,0,
FSM,"Micronesia, Fed. Sts.",2010,,0,0,
FSM,"Micronesia, Fed. Sts.",2011,,0,0,
FSM,"Micronesia, Fed. Sts.",2012,,0,0,
FSM,"Micronesia, Fed. Sts.",2013,0,0,0,10
FSM,"Micronesia, Fed. Sts.",2014,0,0,0,10
FSM,"Micronesia, Fed. Sts.",2015,0,0,0,10
FSM,"Micronesia, Fed. Sts.",2016,0,0,0,10
FSM,"Micronesia, Fed. Sts.",2017,0,0,0,10
FSM,"Micronesia, Fed. Sts.",2018,0,0,0,10
FSM,"Micronesia, Fed. Sts.",2019,0,0,0,10
GAB,"Gabon",2003,,,,
GAB,"Gabon",2004,,,,
GAB,"Gabon",2005,,0,2.6,
GAB,"Gabon",2006,,0,2.6,
GAB,"Gabon",2007,,0,2.4,
GAB,"Gabon",2008,,0,2.4,
GAB,"Gabon",2009,,0,3.9,
GAB,"Gabon",2010,,0,22.5,
GAB,"Gabon",2011,,0,24.2,
GAB,"Gabon",2012,,0,53.8,
GAB,"Gabon",2013,2,0,51.1,6
GAB,"Gabon",2014,2,0,50.8,6
GAB,"Gabon",2015,2,0,52,6
GAB,"Gabon",2016,2,0,50.8,6
GAB,"Gabon",2017,2,0,28.9,6
GAB,"Gabon",2018,2,0,29,6
GAB,"Gabon",2019,2,0,28.5,6
GBR,"United Kingdom",2003,,,,
GBR,"United Kingdom",2004,,76.2,0,
GBR,"United Kingdom",2005,,76.2,0,
GBR,"United Kingdom",2006,,86.1,0,
GBR,"United Kingdom",2007,,84.6,0,
GBR,"United Kingdom",2008,,100,0,
GBR,"United Kingdom",2009,,100,0,
GBR,"United Kingdom",2010,,100,0,
GBR,"United Kingdom",2011,,100,0,
GBR,"United Kingdom",2012,,100,0,
GBR,"United Kingdom",2013,8,100,0,7
GBR,"United Kingdom",2014,8,100,0,7
GBR,"United Kingdom",2015,8,100,0,7
GBR,"United Kingdom",2016,8,100,0,7
GBR,"United Kingdom",2017,8,100,0,7
GBR,"United Kingdom",2018,8,100,0,7
GBR,"United Kingdom",2019,8,100,0,7
GEO,"Georgia",2003,,,,
GEO,"Georgia",2004,,0,0,
GEO,"Georgia",2005,,0,0,
GEO,"Georgia",2006,,0,0,
GEO,"Georgia",2007,,0.2,0,
GEO,"Georgia",2008,,4.5,0,
GEO,"Georgia",2009,,12.2,0,
GEO,"Georgia",2010,,16.4,0,
GEO,"Georgia",2011,,29.6,0,
GEO,"Georgia",2012,,35.5,0,
GEO,"Georgia",2013,8,46.1,0,9
GEO,"Georgia",2014,8,56.8,0,9
GEO,"Georgia",2015,8,74.5,0,9
GEO,"Georgia",2016,8,88.6,0,9
GEO,"Georgia",2017,8,95.7,0,9
GEO,"Georgia",2018,8,100,0,9
GEO,"Georgia",2019,8,100,0,9
GHA,"Ghana",2003,,,,
GHA,"Ghana",2004,,0,0,
GHA,"Ghana",2005,,0,0,
GHA,"Ghana",2006,,0,0,
GHA,"Ghana",2007,,0,0,
GHA,"Ghana",2008,,0,0,
GHA,"Ghana",2009,,0,0,
GHA,"Ghana",2010,,2.1,0,
GHA,"Ghana",2011,,3.3,0,
GHA,"Ghana",2012,,5.7,0,
GHA,"Ghana",2013,6,10.4,0,6
GHA,"Ghana",2014,6,14.1,0,6
GHA,"Ghana",2015,6,16.3,0,6
GHA,"Ghana",2016,6,16,0,6
GHA,"Ghana",2017,6,16.5,0,6
GHA,"Ghana",2018,6,22.4,0,6
GHA,"Ghana",2019,6,33.2,0,6
GIN,"Guinea",2003,,,,
GIN,"Guinea",2004,,0,0,
GIN,"Guinea",2005,,0,0,
GIN,"Guinea",2006,,0,0,
GIN,"Guinea",2007,,0,0,
GIN,"Guinea",2008,,0,0,
GIN,"Guinea",2009,,0,0,
GIN,"Guinea",2010,,0,0,
GIN,"Guinea",2011,,0,0,
GIN,"Guinea",2012,,0,0,
GIN,"Guinea",2013,0,0,0,6
GIN,"Guinea",2014,0,0,0,6
GIN,"Guinea",2015,0,0,0,6
GIN,"Guinea",2016,0,0,0,6
GIN,"Guinea",2017,0,0,0,6
GIN,"Guinea",2018,0,0,0,6
GIN,"Guinea",2019,0,0,1.8,6
GMB,"Gambia, The",2003,,,,
GMB,"Gambia, The",2004,,,,
GMB,"Gambia, The",2005,,0,0,
GMB,"Gambia, The",2006,,0,0,
GMB,"Gambia, The",2007,,0,0,
GMB,"Gambia, The",2008,,0,0,
GMB,"Gambia, The",2009,,0,0,
GMB,"Gambia, The",2010,,0,0,
GMB,"Gambia, The",2011,,0,0,
GMB,"Gambia, The",2012,,0,0,
GMB,"Gambia, The",2013,0,0,0,4
GMB,"Gambia, The",2014,0,0,0,4
GMB,"Gambia, The",2015,0,0,0,4
GMB,"Gambia, The",2016,0,0,0,6
GMB,"Gambia, The",2017,0,0,0,6
GMB,"Gambia, The",2018,0,0,0,6
GMB,"Gambia, The",2019,0,0,0,6
GNB,"Guinea-Bissau",2003,,,,
GNB,"Guinea-Bissau",2004,,,,
GNB,"Guinea-Bissau",2005,,0,1,
GNB,"Guinea-Bissau",2006,,0,1,
GNB,"Guinea-Bissau",2007,,0,0.9,
GNB,"Guinea-Bissau",2008,,0,1,
GNB,"Guinea-Bissau",2009,,0,1.1,
GNB,"Guinea-Bissau",2010,,0,1,
GNB,"Guinea-Bissau",2011,,0,1,
GNB,"Guinea-Bissau",2012,,0,1.1,
GNB,"Guinea-Bissau",2013,0,0,1.1,6
GNB,"Guinea-Bissau",2014,0,0,1,6
GNB,"Guinea-Bissau",2015,0,0,0.1,6
GNB,"Guinea-Bissau",2016,0,0,0.1,6
GNB,"Guinea-Bissau",2017,0,0.3,0.1,6
GNB,"Guinea-Bissau",2018,0,0.5,0.2,6
GNB,"Guinea-Bissau",2019,0,1.2,0,6
GNQ,"Equatorial Guinea",2003,,,,
GNQ,"Equatorial Guinea",2004,,,,
GNQ,"Equatorial Guinea",2005,,0,2.4,
GNQ,"Equatorial Guinea",2006,,0,2.4,
GNQ,"Equatorial Guinea",2007,,0,1.9,
GNQ,"Equatorial Guinea",2008,,0,2.7,
GNQ,"Equatorial Guinea",2009,,0,3,
GNQ,"Equatorial Guinea",2010,,0,2.5,
GNQ,"Equatorial Guinea",2011,,0,2.9,
GNQ,"Equatorial Guinea",2012,,0,3.9,
GNQ,"Equatorial Guinea",2013,0,0,4.7,6
GNQ,"Equatorial Guinea",2014,2,0,5.1,6
GNQ,"Equatorial Guinea",2015,2,0,7.5,6
GNQ,"Equatorial Guinea",2016,2,0,9,6
GNQ,"Equatorial Guinea",2017,2,0,6.3,6
GNQ,"Equatorial Guinea",2018,2,0,8.7,6
GNQ,"Equatorial Guinea",2019,2,0,10.8,6
GRC,"Greece",2003,,,,
GRC,"Greece",2004,,11.1,0,
GRC,"Greece",2005,,17.7,0,
GRC,"Greece",2006,,37.5,0,
GRC,"Greece",2007,,38.7,0,
GRC,"Greece",2008,,39,0,
GRC,"Greece",2009,,46.9,0,
GRC,"Greece",2010,,61.5,0,
GRC,"Greece",2011,,82.4,0,
GRC,"Greece",2012,,84,0,
GRC,"Greece",2013,7,84.4,0,2
GRC,"Greece",2014,7,82.5,0,2
GRC,"Greece",2015,7,81.2,0,2
GRC,"Greece",2016,7,79.6,0,2
GRC,"Greece",2017,7,78.3,0,2
GRC,"Greece",2018,7,72.5,0,2
GRC,"Greece",2019,7,69.9,0,2
GRD,"Grenada",2003,,,,
GRD,"Grenada",2004,,,,
GRD,"Grenada",2005,,0,0,
GRD,"Grenada",2006,,0,0,
GRD,"Grenada",2007,,0,0,
GRD,"Grenada",2008,,0,0,
GRD,"Grenada",2009,,0,0,
GRD,"Grenada",2010,,0,0,
GRD,"Grenada",2011,,0,0,
GRD,"Grenada",2012,,0,0,
GRD,"Grenada",2013,0,0,0,6
GRD,"Grenada",2014,0,0,0,6
GRD,"Grenada",2015,0,0,0,6
GRD,"Grenada",2016,0,0,0,6
GRD,"Grenada",2017,0,0,0,6
GRD,"Grenada",2018,0,0,0,6
GRD,"Grenada",2019,0,0,0,6
GTM,"Guatemala",2003,,,,
GTM,"Guatemala",2004,,12.4,0,
GTM,"Guatemala",2005,,9.9,0,
GTM,"Guatemala",2006,,9.2,16.1,
GTM,"Guatemala",2007,,13.1,20.7,
GTM,"Guatemala",2008,,19.7,16.1,
GTM,"Guatemala",2009,,28.4,16.9,
GTM,"Guatemala",2010,,8.8,16.4,
GTM,"Guatemala",2011,,8.9,17.3,
GTM,"Guatemala",2012,,8.7,18,
GTM,"Guatemala",2013,8,8.6,19.1,9
GTM,"Guatemala",2014,8,8.7,19.2,9
GTM,"Guatemala",2015,8,8.8,19,9
GTM,"Guatemala",2016,8,7.9,17.7,9
GTM,"Guatemala",2017,8,7.4,17.5,9
GTM,"Guatemala",2018,8,7,24.2,9
GTM,"Guatemala",2019,8,37.1,22.8,9
GUY,"Guyana",2003,,,,
GUY,"Guyana",2004,,0,0,
GUY,"Guyana",2005,,0,0,
GUY,"Guyana",2006,,0,0,
GUY,"Guyana",2007,,0,0,
GUY,"Guyana",2008,,0,0,
GUY,"Guyana",2009,,0,0,
GUY,"Guyana",2010,,0,0,
GUY,"Guyana",2011,,0,0,
GUY,"Guyana",2012,,0,0,
GUY,"Guyana",2013,0,0,0,3
GUY,"Guyana",2014,0,0,0,3
GUY,"Guyana",2015,0,2.4,0,3
GUY,"Guyana",2016,8,16.4,0,3
GUY,"Guyana",2017,8,52.8,0,3
GUY,"Guyana",2018,8,60.5,0,3
GUY,"Guyana",2019,8,30.9,0,3
HKG,"Hong Kong, China",2003,,,,
HKG,"Hong Kong, China",2004,,61.5,0,
HKG,"Hong Kong, China",2005,,64.5,0,
HKG,"Hong Kong, China",2006,,64.5,0,
HKG,"Hong Kong, China",2007,,64.7,0,
HKG,"Hong Kong, China",2008,,69.9,0,
HKG,"Hong Kong, China",2009,,71.9,0,
HKG,"Hong Kong, China",2010,,72,0,
HKG,"Hong Kong, China",2011,,86.3,0,
HKG,"Hong Kong, China",2012,,89.4,0,
HKG,"Hong Kong, China",2013,7,93.6,0,7
HKG,"Hong Kong, China",2014,7,96.1,0,7
HKG,"Hong Kong, China",2015,7,96,0,8
HKG,"Hong Kong, China",2016,7,100,0,8
HKG,"Hong Kong, China",2017,7,100,0,8
HKG,"Hong Kong, China",2018,7,100,0,8
HKG,"Hong Kong, China",2019,7,100,0,8
HND,"Honduras",2003,,,,
HND,"Honduras",2004,,0,6.1,
HND,"Honduras",2005,,18.7,11.2,
HND,"Honduras",2006,,18.7,8.3,
HND,"Honduras",2007,,58,12.7,
HND,"Honduras",2008,,60.5,11.3,
HND,"Honduras",2009,,58.7,21.7,
HND,"Honduras",2010,,100,22.7,
HND,"Honduras",2011,,31.2,16.3,
HND,"Honduras",2012,,32.9,20.7,
HND,"Honduras",2013,8,31.9,21.1,9
HND,"Honduras",2014,8,36.1,21.8,8
HND,"Honduras",2015,8,36.2,22.2,8
HND,"Honduras",2016,8,60.5,22.8,8
HND,"Honduras",2017,8,44.9,20.9,8
HND,"Honduras",2018,8,47.4,21.2,8
HND,"Honduras",2019,8,48.9,17.3,8
HRV,"Croatia",2003,,,,
HRV,"Croatia",2004,,0,0,
HRV,"Croatia",2005,,0,0,
HRV,"Croatia",2006,,0,0,
HRV,"Croatia",2007,,72.4,0,
HRV,"Croatia",2008,,71.8,0,
HRV,"Croatia",2009,,77,0,
HRV,"Croatia",2010,,81.2,0,
HRV,"Croatia",2011,,100,0,
HRV,"Croatia",2012,,100,0,
HRV,"Croatia",2013,6,100,0,5
HRV,"Croatia",2014,6,100,0,5
HRV,"Croatia",2015,6,100,0,5
HRV,"Croatia",2016,6,100,0,5
HRV,"Croatia",2017,6,100,0,5
HRV,"Croatia",2018,6,100,0,5
HRV,"Croatia",2019,5,6.1,0,5
HTI,"Haiti",2003,,,,
HTI,"Haiti",2004,,0,0.3,
HTI,"Haiti",2005,,0,0.3,
HTI,"Haiti",2006,,0,0.7,
HTI,"Haiti",2007,,0,0.7,
HTI,"Haiti",2008,,0,0.7,
HTI,"Haiti",2009,,0,0.7,
HTI,"Haiti",2010,,0,0.7,
HTI,"Haiti",2011,,0,0.7,
HTI,"Haiti",2012,,0,0.7,
HTI,"Haiti",2013,0,0,1.1,2
HTI,"Haiti",2014,0,0,1.1,2
HTI,"Haiti",2015,0,0,1.6,2
HTI,"Haiti",2016,0,0,1.6,2
HTI,"Haiti",2017,0,0,1.5,2
HTI,"Haiti",2018,0,0,3.5,2
HTI,"Haiti",2019,5,0,5.3,2
HUN,"Hungary",2003,,,,
HUN,"Hungary",2004,,3.3,0,
HUN,"Hungary",2005,,4,0,
HUN,"Hungary",2006,,5.9,0,
HUN,"Hungary",2007,,6.9,0,
HUN,"Hungary",2008,,10,0,
HUN,"Hungary",2009,,10.3,0,
HUN,"Hungary",2010,,11.4,0,
HUN,"Hungary",2011,,16.1,0,
HUN,"Hungary",2012,,15.8,0,
HUN,"Hungary",2013,5,73.2,0,6
HUN,"Hungary",2014,5,74.6,0,9
HUN,"Hungary",2015,5,88.6,0,9
HUN,"Hungary",2016,5,89.8,0,9
HUN,"Hungary",2017,6,89.8,0,9
HUN,"Hungary",2018,6,91.2,0,9
HUN,"Hungary",2019,6,91.1,0,9
IDN,"Indonesia",2003,,,,
IDN,"Indonesia",2004,,,,
IDN,"Indonesia",2005,,,,
IDN,"Indonesia",2006,,,,
IDN,"Indonesia",2007,,,,
IDN,"Indonesia",2008,,,,
IDN,"Indonesia",2009,,,,
IDN,"Indonesia",2010,,,,
IDN,"Indonesia",2011,,,,
IDN,"Indonesia",2012,,,,
IDN,"Indonesia",2013,6,0,41.2,4
IDN,"Indonesia",2014,6,0,46.4,4
IDN,"Indonesia",2015,6,0,48.5,5
IDN,"Indonesia",2016,6,0,51.8,6
IDN,"Indonesia",2017,7,18.3,55.3,6
IDN,"Indonesia",2018,8,38.1,58.2,6
IDN,"Indonesia",2019,8,40.4,30.9,6
IDN,"Jakarta",2003,,,,
IDN,"Jakarta",2004,,0,0.4,
IDN,"Jakarta",2005,,0.1,0,
IDN,"Jakarta",2006,,0.2,8.4,
IDN,"Jakarta",2007,,0.2,20.5,
IDN,"Jakarta",2008,,0,26.1,
IDN,"Jakarta",2009,,0,22,
IDN,"Jakarta",2010,,0,25.2,
IDN,"Jakarta",2011,,0,31.8,
IDN,"Jakarta",2012,,0,36,
IDN,"Jakarta",2013,6,0,41.2,4
IDN,"Jakarta",2014,6,0,46.4,4
IDN,"Jakarta",2015,6,0,48.5,5
IDN,"Jakarta",2016,6,0,51.8,6
IDN,"Jakarta",2017,7,18.3,55.3,6
IDN,"Jakarta",2018,8,38.1,58.2,6
IDN,"Jakarta",2019,8,40.4,30.9,6
IDN,"Surabaya",2003,,,,
IDN,"Surabaya",2004,,,,
IDN,"Surabaya",2005,,,,
IDN,"Surabaya",2006,,,,
IDN,"Surabaya",2007,,,,
IDN,"Surabaya",2008,,,,
IDN,"Surabaya",2009,,,,
IDN,"Surabaya",2010,,,,
IDN,"Surabaya",2011,,,,
IDN,"Surabaya",2012,,,,
IDN,"Surabaya",2013,6,0,41.2,4
IDN,"Surabaya",2014,6,0,46.4,4
IDN,"Surabaya",2015,6,0,48.5,5
IDN,"Surabaya",2016,6,0,51.8,6
IDN,"Surabaya",2017,7,18.3,55.3,6
IDN,"Surabaya",2018,8,38.1,58.2,6
IDN,"Surabaya",2019,8,40.4,30.9,6
IND,"Delhi",2003,,,,
IND,"Delhi",2004,,,,
IND,"Delhi",2005,,,,
IND,"Delhi",2006,,,,
IND,"Delhi",2007,,,,
IND,"Delhi",2008,,,,
IND,"Delhi",2009,,,,
IND,"Delhi",2010,,,,
IND,"Delhi",2011,,,,
IND,"Delhi",2012,,,,
IND,"Delhi",2013,7,19.8,0,6
IND,"Delhi",2014,7,22.4,0,6
IND,"Delhi",2015,7,22,0,6
IND,"Delhi",2016,7,21.4,0,6
IND,"Delhi",2017,7,43.5,0,8
IND,"Delhi",2018,7,55.9,0,9
IND,"Delhi",2019,7,63.1,0,9
IND,"India",2003,,,,
IND,"India",2004,,,,
IND,"India",2005,,,,
IND,"India",2006,,,,
IND,"India",2007,,,,
IND,"India",2008,,,,
IND,"India",2009,,,,
IND,"India",2010,,,,
IND,"India",2011,,,,
IND,"India",2012,,,,
IND,"India",2013,7,19.8,0,6
IND,"India",2014,7,22.4,0,6
IND,"India",2015,7,22,0,6
IND,"India",2016,7,21.4,0,6
IND,"India",2017,7,43.5,0,8
IND,"India",2018,7,55.9,0,9
IND,"India",2019,7,63.1,0,9
IND,"Mumbai",2003,,,,
IND,"Mumbai",2004,,0,0,
IND,"Mumbai",2005,,1.7,0,
IND,"Mumbai",2006,,6.1,0,
IND,"Mumbai",2007,,10.8,0,
IND,"Mumbai",2008,,10.5,0,
IND,"Mumbai",2009,,10.2,0,
IND,"Mumbai",2010,,10,0,
IND,"Mumbai",2011,,15.1,0,
IND,"Mumbai",2012,,14.9,0,
IND,"Mumbai",2013,7,19.8,0,6
IND,"Mumbai",2014,7,22.4,0,6
IND,"Mumbai",2015,7,22,0,6
IND,"Mumbai",2016,7,21.4,0,6
IND,"Mumbai",2017,7,43.5,0,8
IND,"Mumbai",2018,7,55.9,0,9
IND,"Mumbai",2019,7,63.1,0,9
IRL,"Ireland",2003,,,,
IRL,"Ireland",2004,,100,0,
IRL,"Ireland",2005,,100,0,
IRL,"Ireland",2006,,100,0,
IRL,"Ireland",2007,,100,0,
IRL,"Ireland",2008,,100,0,
IRL,"Ireland",2009,,100,0,
IRL,"Ireland",2010,,100,0,
IRL,"Ireland",2011,,100,0,
IRL,"Ireland",2012,,100,0,
IRL,"Ireland",2013,7,100,0,7
IRL,"Ireland",2014,7,100,0,7
IRL,"Ireland",2015,7,100,0,7
IRL,"Ireland",2016,7,100,0,7
IRL,"Ireland",2017,7,100,0,7
IRL,"Ireland",2018,7,100,90.3,7
IRL,"Ireland",2019,7,100,94.4,7
IRN,"Iran, Islamic Rep.",2003,,,,
IRN,"Iran, Islamic Rep.",2004,,0,13.7,
IRN,"Iran, Islamic Rep.",2005,,0,13.7,
IRN,"Iran, Islamic Rep.",2006,,0,13.7,
IRN,"Iran, Islamic Rep.",2007,,0,22.2,
IRN,"Iran, Islamic Rep.",2008,,0,21.7,
IRN,"Iran, Islamic Rep.",2009,,0,31.3,
IRN,"Iran, Islamic Rep.",2010,,4.5,22.7,
IRN,"Iran, Islamic Rep.",2011,,24.4,26.5,
IRN,"Iran, Islamic Rep.",2012,,31.9,25.9,
IRN,"Iran, Islamic Rep.",2013,7,33.3,41.6,2
IRN,"Iran, Islamic Rep.",2014,7,33.8,45,2
IRN,"Iran, Islamic Rep.",2015,7,46.6,49.1,2
IRN,"Iran, Islamic Rep.",2016,7,50.5,51,2
IRN,"Iran, Islamic Rep.",2017,8,55.8,54.7,2
IRN,"Iran, Islamic Rep.",2018,8,58.3,57.5,2
IRN,"Iran, Islamic Rep.",2019,8,60.7,60.3,2
IRQ,"Iraq",2003,,,,
IRQ,"Iraq",2004,,0,0,
IRQ,"Iraq",2005,,0,0,
IRQ,"Iraq",2006,,0,0,
IRQ,"Iraq",2007,,0,0,
IRQ,"Iraq",2008,,0,0,
IRQ,"Iraq",2009,,0,0,
IRQ,"Iraq",2010,,0,0,
IRQ,"Iraq",2011,,0,0,
IRQ,"Iraq",2012,,0,0,
IRQ,"Iraq",2013,0,0,0,0
IRQ,"Iraq",2014,0,0,0,0
IRQ,"Iraq",2015,0,0,0,0
IRQ,"Iraq",2016,0,0,0,0
IRQ,"Iraq",2017,0,0,1.2,0
IRQ,"Iraq",2018,0,0,1.1,0
IRQ,"Iraq",2019,0,0,1.3,0
ISL,"Iceland",2003,,,,
ISL,"Iceland",2004,,100,0,
ISL,"Iceland",2005,,100,0,
ISL,"Iceland",2006,,100,0,
ISL,"Iceland",2007,,100,0,
ISL,"Iceland",2008,,100,0,
ISL,"Iceland",2009,,100,0,
ISL,"Iceland",2010,,100,0,
ISL,"Iceland",2011,,100,0,
ISL,"Iceland",2012,,100,0,
ISL,"Iceland",2013,7,100,0,4
ISL,"Iceland",2014,7,100,0,4
ISL,"Iceland",2015,7,100,0,4
ISL,"Iceland",2016,7,100,0,4
ISL,"Iceland",2017,7,100,0,4
ISL,"Iceland",2018,7,100,0,4
ISL,"Iceland",2019,7,100,0,4
ISR,"Israel",2003,,,,
ISR,"Israel",2004,,100,0,
ISR,"Israel",2005,,100,0,
ISR,"Israel",2006,,100,0,
ISR,"Israel",2007,,91.6,0,
ISR,"Israel",2008,,91,0,
ISR,"Israel",2009,,89.8,0,
ISR,"Israel",2010,,88.2,0,
ISR,"Israel",2011,,100,0,
ISR,"Israel",2012,,100,0,
ISR,"Israel",2013,7,100,0,6
ISR,"Israel",2014,7,100,0,6
ISR,"Israel",2015,7,67.5,0,6
ISR,"Israel",2016,7,72.5,0,6
ISR,"Israel",2017,7,71.4,0,6
ISR,"Israel",2018,7,70.3,0,6
ISR,"Israel",2019,8,100,0,6
ITA,"Italy",2003,,,,
ITA,"Italy",2004,,57.1,7.9,
ITA,"Italy",2005,,59.9,6.1,
ITA,"Italy",2006,,67.8,9.9,
ITA,"Italy",2007,,71.5,11,
ITA,"Italy",2008,,74.9,11.8,
ITA,"Italy",2009,,77.5,12.2,
ITA,"Italy",2010,,80.5,16.6,
ITA,"Italy",2011,,100,23,
ITA,"Italy",2012,,100,24.1,
ITA,"Italy",2013,7,100,25.6,2
ITA,"Italy",2014,7,100,24.6,2
ITA,"Italy",2015,7,100,27.3,2
ITA,"Italy",2016,7,100,29,2
ITA,"Italy",2017,7,100,30.1,2
ITA,"Italy",2018,7,100,30.5,2
ITA,"Italy",2019,7,100,31.1,2
JAM,"Jamaica",2003,,,,
JAM,"Jamaica",2004,,0,0,
JAM,"Jamaica",2005,,0,0,
JAM,"Jamaica",2006,,0,0,
JAM,"Jamaica",2007,,0,0,
JAM,"Jamaica",2008,,0,0,
JAM,"Jamaica",2009,,0,0,
JAM,"Jamaica",2010,,0,0,
JAM,"Jamaica",2011,,0,0,
JAM,"Jamaica",2012,,0,0,
JAM,"Jamaica",2013,0,0,0,6
JAM,"Jamaica",2014,6,10.1,0,10
JAM,"Jamaica",2015,7,22.4,0,9
JAM,"Jamaica",2016,7,23.3,0,9
JAM,"Jamaica",2017,7,24.1,0,9
JAM,"Jamaica",2018,8,27.7,0,9
JAM,"Jamaica",2019,8,52.6,0,9
JOR,"Jordan",2003,,,,
JOR,"Jordan",2004,,0,0.5,
JOR,"Jordan",2005,,0,0.6,
JOR,"Jordan",2006,,0,0.7,
JOR,"Jordan",2007,,0,0.8,
JOR,"Jordan",2008,,0,1,
JOR,"Jordan",2009,,0,1,
JOR,"Jordan",2010,,0,1.5,
JOR,"Jordan",2011,,0,1.6,
JOR,"Jordan",2012,,0,1.9,
JOR,"Jordan",2013,0,0,2,0
JOR,"Jordan",2014,0,0,2.2,0
JOR,"Jordan",2015,0,0,2.4,0
JOR,"Jordan",2016,0,0,2.5,0
JOR,"Jordan",2017,6,15.3,2.2,0
JOR,"Jordan",2018,7,19.9,4.8,0
JOR,"Jordan",2019,8,22.9,5,11
JPN,"Japan",2003,,,,
JPN,"Japan",2004,,,,
JPN,"Japan",2005,,,,
JPN,"Japan",2006,,,,
JPN,"Japan",2007,,,,
JPN,"Japan",2008,,,,
JPN,"Japan",2009,,,,
JPN,"Japan",2010,,,,
JPN,"Japan",2011,,,,
JPN,"Japan",2012,,,,
JPN,"Japan",2013,6,100,0,5
JPN,"Japan",2014,6,100,0,5
JPN,"Japan",2015,6,100,0,5
JPN,"Japan",2016,6,100,0,5
JPN,"Japan",2017,6,100,0,5
JPN,"Japan",2018,6,100,0,5
JPN,"Japan",2019,6,100,0,5
JPN,"Osaka",2003,,,,
JPN,"Osaka",2004,,,,
JPN,"Osaka",2005,,,,
JPN,"Osaka",2006,,,,
JPN,"Osaka",2007,,,,
JPN,"Osaka",2008,,,,
JPN,"Osaka",2009,,,,
JPN,"Osaka",2010,,,,
JPN,"Osaka",2011,,,,
JPN,"Osaka",2012,,,,
JPN,"Osaka",2013,6,100,0,5
JPN,"Osaka",2014,6,100,0,5
JPN,"Osaka",2015,6,100,0,5
JPN,"Osaka",2016,6,100,0,5
JPN,"Osaka",2017,6,100,0,5
JPN,"Osaka",2018,6,100,0,5
JPN,"Osaka",2019,6,100,0,5
JPN,"Tokyo",2003,,,,
JPN,"Tokyo",2004,,61.5,0,
JPN,"Tokyo",2005,,61.2,0,
JPN,"Tokyo",2006,,61.2,0,
JPN,"Tokyo",2007,,68.3,0,
JPN,"Tokyo",2008,,76.2,0,
JPN,"Tokyo",2009,,76.2,0,
JPN,"Tokyo",2010,,76.1,0,
JPN,"Tokyo",2011,,99,0,
JPN,"Tokyo",2012,,100,0,
JPN,"Tokyo",2013,6,100,0,5
JPN,"Tokyo",2014,6,100,0,5
JPN,"Tokyo",2015,6,100,0,5
JPN,"Tokyo",2016,6,100,0,5
JPN,"Tokyo",2017,6,100,0,5
JPN,"Tokyo",2018,6,100,0,5
JPN,"Tokyo",2019,6,100,0,5
KAZ,"Kazakhstan",2003,,,,
KAZ,"Kazakhstan",2004,,0,0,
KAZ,"Kazakhstan",2005,,0,0,
KAZ,"Kazakhstan",2006,,5.5,0,
KAZ,"Kazakhstan",2007,,13.7,0,
KAZ,"Kazakhstan",2008,,25.6,0,
KAZ,"Kazakhstan",2009,,29.5,0,
KAZ,"Kazakhstan",2010,,29.9,0,
KAZ,"Kazakhstan",2011,,37.6,0,
KAZ,"Kazakhstan",2012,,39.3,0,
KAZ,"Kazakhstan",2013,7,45.6,0,3
KAZ,"Kazakhstan",2014,7,51.7,0,3
KAZ,"Kazakhstan",2015,7,81.4,0,4
KAZ,"Kazakhstan",2016,7,52,0,4
KAZ,"Kazakhstan",2017,7,54.4,0,6
KAZ,"Kazakhstan",2018,7,59.3,0,6
KAZ,"Kazakhstan",2019,8,65.4,0,8
KEN,"Kenya",2003,,,,
KEN,"Kenya",2004,,0.1,0,
KEN,"Kenya",2005,,0.1,0,
KEN,"Kenya",2006,,0.1,0,
KEN,"Kenya",2007,,1.5,0,
KEN,"Kenya",2008,,2.1,0,
KEN,"Kenya",2009,,2.3,0,
KEN,"Kenya",2010,,3.3,0,
KEN,"Kenya",2011,,4.5,0,
KEN,"Kenya",2012,,4.9,0,
KEN,"Kenya",2013,0,4.7,0,7
KEN,"Kenya",2014,0,4.9,0,7
KEN,"Kenya",2015,7,14.3,0,7
KEN,"Kenya",2016,7,25.8,0,7
KEN,"Kenya",2017,8,30.4,0,7
KEN,"Kenya",2018,8,29.9,0,10
KEN,"Kenya",2019,8,36.4,0,11
KGZ,"Kyrgyz Republic",2003,,,,
KGZ,"Kyrgyz Republic",2004,,0,0,
KGZ,"Kyrgyz Republic",2005,,0.2,0,
KGZ,"Kyrgyz Republic",2006,,0.4,0,
KGZ,"Kyrgyz Republic",2007,,1.6,0,
KGZ,"Kyrgyz Republic",2008,,3.7,0,
KGZ,"Kyrgyz Republic",2009,,5.9,0,
KGZ,"Kyrgyz Republic",2010,,11.9,0,
KGZ,"Kyrgyz Republic",2011,,18.7,0,
KGZ,"Kyrgyz Republic",2012,,24.6,0,
KGZ,"Kyrgyz Republic",2013,5,32.1,0,8
KGZ,"Kyrgyz Republic",2014,5,38.2,0,8
KGZ,"Kyrgyz Republic",2015,6,35.3,0,8
KGZ,"Kyrgyz Republic",2016,6,30.6,0,8
KGZ,"Kyrgyz Republic",2017,7,37,0,9
KGZ,"Kyrgyz Republic",2018,7,37.9,0,9
KGZ,"Kyrgyz Republic",2019,8,39.2,0,9
KHM,"Cambodia",2003,,,,
KHM,"Cambodia",2004,,0,0,
KHM,"Cambodia",2005,,0,0,
KHM,"Cambodia",2006,,0,0,
KHM,"Cambodia",2007,,0,0,
KHM,"Cambodia",2008,,0,0,
KHM,"Cambodia",2009,,0,0,
KHM,"Cambodia",2010,,0,0,
KHM,"Cambodia",2011,,0,0,
KHM,"Cambodia",2012,,12.1,0,
KHM,"Cambodia",2013,5,21.1,0,10
KHM,"Cambodia",2014,5,29.3,0,10
KHM,"Cambodia",2015,5,37,0,10
KHM,"Cambodia",2016,6,44,0,10
KHM,"Cambodia",2017,6,49.9,0,10
KHM,"Cambodia",2018,6,50.4,0,10
KHM,"Cambodia",2019,6,52.2,0,10
KIR,"Kiribati",2003,,,,
KIR,"Kiribati",2004,,0,0,
KIR,"Kiribati",2005,,0,0,
KIR,"Kiribati",2006,,0,0,
KIR,"Kiribati",2007,,0,0,
KIR,"Kiribati",2008,,0,0,
KIR,"Kiribati",2009,,0,0,
KIR,"Kiribati",2010,,0,0,
KIR,"Kiribati",2011,,0,0,
KIR,"Kiribati",2012,,0,0,
KIR,"Kiribati",2013,0,0,0,4
KIR,"Kiribati",2014,0,0,0,4
KIR,"Kiribati",2015,0,0,0,4
KIR,"Kiribati",2016,0,0,0,4
KIR,"Kiribati",2017,0,0,0,4
KIR,"Kiribati",2018,0,0,0,4
KIR,"Kiribati",2019,0,0,0,4
KNA,"St. Kitts and Nevis",2003,,,,
KNA,"St. Kitts and Nevis",2004,,,,
KNA,"St. Kitts and Nevis",2005,,0,0,
KNA,"St. Kitts and Nevis",2006,,0,0,
KNA,"St. Kitts and Nevis",2007,,0,0,
KNA,"St. Kitts and Nevis",2008,,0,0,
KNA,"St. Kitts and Nevis",2009,,0,0,
KNA,"St. Kitts and Nevis",2010,,0,0,
KNA,"St. Kitts and Nevis",2011,,0,0,
KNA,"St. Kitts and Nevis",2012,,0,0,
KNA,"St. Kitts and Nevis",2013,0,0,0,5
KNA,"St. Kitts and Nevis",2014,0,0,0,5
KNA,"St. Kitts and Nevis",2015,0,0,0,5
KNA,"St. Kitts and Nevis",2016,0,0,0,5
KNA,"St. Kitts and Nevis",2017,0,0,0,5
KNA,"St. Kitts and Nevis",2018,0,0,0,5
KNA,"St. Kitts and Nevis",2019,0,0,0,5
KOR,"Korea, Rep.",2003,,,,
KOR,"Korea, Rep.",2004,,80.7,0,
KOR,"Korea, Rep.",2005,,80.7,0,
KOR,"Korea, Rep.",2006,,76.6,0,
KOR,"Korea, Rep.",2007,,74.2,0,
KOR,"Korea, Rep.",2008,,90.4,0,
KOR,"Korea, Rep.",2009,,93.8,0,
KOR,"Korea, Rep.",2010,,93.3,0,
KOR,"Korea, Rep.",2011,,100,0,
KOR,"Korea, Rep.",2012,,100,0,
KOR,"Korea, Rep.",2013,8,100,0,5
KOR,"Korea, Rep.",2014,8,100,0,5
KOR,"Korea, Rep.",2015,8,100,0,5
KOR,"Korea, Rep.",2016,8,100,0,5
KOR,"Korea, Rep.",2017,8,100,65.9,5
KOR,"Korea, Rep.",2018,8,100,65.7,5
KOR,"Korea, Rep.",2019,8,100,68.2,5
KWT,"Kuwait",2003,,,,
KWT,"Kuwait",2004,,16.6,10.9,
KWT,"Kuwait",2005,,16.1,10.9,
KWT,"Kuwait",2006,,16.1,10.9,
KWT,"Kuwait",2007,,14.5,10.9,
KWT,"Kuwait",2008,,31.2,10.9,
KWT,"Kuwait",2009,,30.4,10.9,
KWT,"Kuwait",2010,,29.6,10.9,
KWT,"Kuwait",2011,,29,10.9,
KWT,"Kuwait",2012,,31,10.9,
KWT,"Kuwait",2013,6,29,10.9,1
KWT,"Kuwait",2014,6,32,10.9,1
KWT,"Kuwait",2015,6,34.2,15.3,1
KWT,"Kuwait",2016,6,31,14.5,1
KWT,"Kuwait",2017,6,31,15,1
KWT,"Kuwait",2018,6,30.7,15.5,1
KWT,"Kuwait",2019,8,31.6,16.8,1
LAO,"Lao PDR",2003,,,,
LAO,"Lao PDR",2004,,0,0,
LAO,"Lao PDR",2005,,0,0,
LAO,"Lao PDR",2006,,0,0,
LAO,"Lao PDR",2007,,0,0,
LAO,"Lao PDR",2008,,0,0,
LAO,"Lao PDR",2009,,0,0,
LAO,"Lao PDR",2010,,0,0,
LAO,"Lao PDR",2011,,0,2.5,
LAO,"Lao PDR",2012,,0,2.5,
LAO,"Lao PDR",2013,0,0,2.4,2
LAO,"Lao PDR",2014,0,0,3.5,6
LAO,"Lao PDR",2015,6,0,5.1,6
LAO,"Lao PDR",2016,6,0,10.9,6
LAO,"Lao PDR",2017,6,0,11.2,6
LAO,"Lao PDR",2018,6,0,14.5,6
LAO,"Lao PDR",2019,6,0,19.8,6
LBN,"Lebanon",2003,,,,
LBN,"Lebanon",2004,,0,3.1,
LBN,"Lebanon",2005,,0,3.5,
LBN,"Lebanon",2006,,0,4.3,
LBN,"Lebanon",2007,,0,4.7,
LBN,"Lebanon",2008,,0,6.8,
LBN,"Lebanon",2009,,0,8.3,
LBN,"Lebanon",2010,,0,8.7,
LBN,"Lebanon",2011,,0,16.6,
LBN,"Lebanon",2012,,0,18.6,
LBN,"Lebanon",2013,6,0,19.2,2
LBN,"Lebanon",2014,6,0,20.3,2
LBN,"Lebanon",2015,6,0,23.9,2
LBN,"Lebanon",2016,6,0,22,2
LBN,"Lebanon",2017,6,0,22.9,2
LBN,"Lebanon",2018,6,0,23.6,2
LBN,"Lebanon",2019,6,0,21.3,2
LBR,"Liberia",2003,,,,
LBR,"Liberia",2004,,,,
LBR,"Liberia",2005,,,,
LBR,"Liberia",2006,,0,0,
LBR,"Liberia",2007,,0,0,
LBR,"Liberia",2008,,0,0.3,
LBR,"Liberia",2009,,0,0.3,
LBR,"Liberia",2010,,0,0.2,
LBR,"Liberia",2011,,0,0.6,
LBR,"Liberia",2012,,0,1.1,
LBR,"Liberia",2013,0,0,1.4,5
LBR,"Liberia",2014,0,0,1.7,5
LBR,"Liberia",2015,0,0,1.8,9
LBR,"Liberia",2016,0,0,1.7,9
LBR,"Liberia",2017,0,0,1.9,10
LBR,"Liberia",2018,0,0,1.8,10
LBR,"Liberia",2019,0,0,3.2,10
LBY,"Libya",2003,,,,
LBY,"Libya",2004,,,,
LBY,"Libya",2005,,,,
LBY,"Libya",2006,,,,
LBY,"Libya",2007,,,,
LBY,"Libya",2008,,,,
LBY,"Libya",2009,,,,
LBY,"Libya",2010,,,,
LBY,"Libya",2011,,,,
LBY,"Libya",2012,,0,0.5,
LBY,"Libya",2013,0,0,0.5,0
LBY,"Libya",2014,0,0,0.5,0
LBY,"Libya",2015,0,0,0.5,0
LBY,"Libya",2016,0,0,0.5,0
LBY,"Libya",2017,0,0,0.6,0
LBY,"Libya",2018,0,0,0.6,0
LBY,"Libya",2019,0,0,0.6,0
LCA,"St. Lucia",2003,,,,
LCA,"St. Lucia",2004,,,,
LCA,"St. Lucia",2005,,0,0,
LCA,"St. Lucia",2006,,0,0,
LCA,"St. Lucia",2007,,0,0,
LCA,"St. Lucia",2008,,0,0,
LCA,"St. Lucia",2009,,0,0,
LCA,"St. Lucia",2010,,0,0,
LCA,"St. Lucia",2011,,0,0,
LCA,"St. Lucia",2012,,0,0,
LCA,"St. Lucia",2013,0,0,0,5
LCA,"St. Lucia",2014,0,0,0,5
LCA,"St. Lucia",2015,0,0,0,5
LCA,"St. Lucia",2016,0,0,0,5
LCA,"St. Lucia",2017,0,0,0,5
LCA,"St. Lucia",2018,0,0,0,5
LCA,"St. Lucia",2019,0,0,0,5
LIE,"Liechtenstein",2003,,,,
LIE,"Liechtenstein",2004,,,,
LIE,"Liechtenstein",2005,,,,
LIE,"Liechtenstein",2006,,,,
LIE,"Liechtenstein",2007,,,,
LIE,"Liechtenstein",2008,,,,
LIE,"Liechtenstein",2009,,,,
LIE,"Liechtenstein",2010,,,,
LIE,"Liechtenstein",2011,,,,
LIE,"Liechtenstein",2012,,,,
LIE,"Liechtenstein",2013,,,,
LIE,"Liechtenstein",2014,,,,
LIE,"Liechtenstein",2015,,,,
LIE,"Liechtenstein",2016,,,,
LIE,"Liechtenstein",2017,,,,
LIE,"Liechtenstein",2018,0,0,0,3
LIE,"Liechtenstein",2019,0,0,0,3
LKA,"Sri Lanka",2003,,,,
LKA,"Sri Lanka",2004,,1.9,0,
LKA,"Sri Lanka",2005,,2.2,0,
LKA,"Sri Lanka",2006,,3.1,0,
LKA,"Sri Lanka",2007,,2.9,0,
LKA,"Sri Lanka",2008,,8.7,0,
LKA,"Sri Lanka",2009,,14.3,0,
LKA,"Sri Lanka",2010,,18.6,0,
LKA,"Sri Lanka",2011,,29.4,0,
LKA,"Sri Lanka",2012,,33.6,0,
LKA,"Sri Lanka",2013,6,39,0,2
LKA,"Sri Lanka",2014,6,44.5,0,2
LKA,"Sri Lanka",2015,6,50.3,0,2
LKA,"Sri Lanka",2016,6,57.2,0,2
LKA,"Sri Lanka",2017,6,35,0,2
LKA,"Sri Lanka",2018,6,46.5,0,2
LKA,"Sri Lanka",2019,6,48.7,0,2
LSO,"Lesotho",2003,,,,
LSO,"Lesotho",2004,,0,0,
LSO,"Lesotho",2005,,0,0,
LSO,"Lesotho",2006,,0,0,
LSO,"Lesotho",2007,,0,0,
LSO,"Lesotho",2008,,0,0,
LSO,"Lesotho",2009,,0,0,
LSO,"Lesotho",2010,,0,0,
LSO,"Lesotho",2011,,0,0,
LSO,"Lesotho",2012,,0,0,
LSO,"Lesotho",2013,0,0,0,5
LSO,"Lesotho",2014,0,0,0,5
LSO,"Lesotho",2015,0,1,0,5
LSO,"Lesotho",2016,5,7.1,0,5
LSO,"Lesotho",2017,6,7.5,0,5
LSO,"Lesotho",2018,6,11.3,0,5
LSO,"Lesotho",2019,6,15.8,0,5
LTU,"Lithuania",2003,,,,
LTU,"Lithuania",2004,,0,4.4,
LTU,"Lithuania",2005,,12.1,2.5,
LTU,"Lithuania",2006,,7.2,4.2,
LTU,"Lithuania",2007,,7.3,6.6,
LTU,"Lithuania",2008,,7.2,8.9,
LTU,"Lithuania",2009,,18.4,12.1,
LTU,"Lithuania",2010,,67.8,20,
LTU,"Lithuania",2011,,75.6,15,
LTU,"Lithuania",2012,,81.2,24.4,
LTU,"Lithuania",2013,8,89.4,28.3,6
LTU,"Lithuania",2014,8,97.7,28.8,6
LTU,"Lithuania",2015,8,79.3,33.9,6
LTU,"Lithuania",2016,8,84.2,37.8,6
LTU,"Lithuania",2017,8,100,45.3,6
LTU,"Lithuania",2018,8,96.8,51.6,6
LTU,"Lithuania",2019,8,100,53.7,6
LUX,"Luxembourg",2003,,,,
LUX,"Luxembourg",2004,,,,
LUX,"Luxembourg",2005,,,,
LUX,"Luxembourg",2006,,0,0,
LUX,"Luxembourg",2007,,0,0,
LUX,"Luxembourg",2008,,0,0,
LUX,"Luxembourg",2009,,0,0,
LUX,"Luxembourg",2010,,0,0,
LUX,"Luxembourg",2011,,0,0,
LUX,"Luxembourg",2012,,0,0,
LUX,"Luxembourg",2013,0,0,0,3
LUX,"Luxembourg",2014,0,0,0,3
LUX,"Luxembourg",2015,0,0,0,3
LUX,"Luxembourg",2016,0,0,0,3
LUX,"Luxembourg",2017,0,0,0,3
LUX,"Luxembourg",2018,0,0,0,3
LUX,"Luxembourg",2019,0,0,0,3
LVA,"Latvia",2003,,,,
LVA,"Latvia",2004,,0,0.6,
LVA,"Latvia",2005,,0,1.1,
LVA,"Latvia",2006,,0,1.9,
LVA,"Latvia",2007,,0,2.6,
LVA,"Latvia",2008,,0,3.5,
LVA,"Latvia",2009,,0,46.5,
LVA,"Latvia",2010,,0,57.2,
LVA,"Latvia",2011,,0,59.7,
LVA,"Latvia",2012,,0,63.8,
LVA,"Latvia",2013,6,0,73.6,9
LVA,"Latvia",2014,6,0,76.8,9
LVA,"Latvia",2015,6,0,80.8,9
LVA,"Latvia",2016,8,63.2,84.9,9
LVA,"Latvia",2017,8,43.1,88.8,9
LVA,"Latvia",2018,8,44.6,93.3,9
LVA,"Latvia",2019,8,48.1,96.9,9
MAR,"Morocco",2003,,,,
MAR,"Morocco",2004,,0,0.6,
MAR,"Morocco",2005,,0,2,
MAR,"Morocco",2006,,0,2.3,
MAR,"Morocco",2007,,0,2.3,
MAR,"Morocco",2008,,0,2.4,
MAR,"Morocco",2009,,14,0,
MAR,"Morocco",2010,,9.9,0,
MAR,"Morocco",2011,,14.6,0,
MAR,"Morocco",2012,,17.2,0,
MAR,"Morocco",2013,6,19.6,0,2
MAR,"Morocco",2014,6,21.1,0,2
MAR,"Morocco",2015,6,23.4,0,2
MAR,"Morocco",2016,7,24.6,0,2
MAR,"Morocco",2017,7,25,0,2
MAR,"Morocco",2018,7,29,0,2
MAR,"Morocco",2019,7,31.6,0,2
MDA,"Moldova",2003,,,,
MDA,"Moldova",2004,,0,0,
MDA,"Moldova",2005,,0,0,
MDA,"Moldova",2006,,0,0,
MDA,"Moldova",2007,,0,0,
MDA,"Moldova",2008,,0,0,
MDA,"Moldova",2009,,0,0,
MDA,"Moldova",2010,,0,0,
MDA,"Moldova",2011,,3,0,
MDA,"Moldova",2012,,3.9,0,
MDA,"Moldova",2013,0,4.5,0,8
MDA,"Moldova",2014,6,8.8,0,8
MDA,"Moldova",2015,6,10.8,0,8
MDA,"Moldova",2016,6,11.4,0,8
MDA,"Moldova",2017,6,13.6,0,8
MDA,"Moldova",2018,6,15.8,0,8
MDA,"Moldova",2019,6,18.2,0,8
MDG,"Madagascar",2003,,,,
MDG,"Madagascar",2004,,0,0.3,
MDG,"Madagascar",2005,,0,0.3,
MDG,"Madagascar",2006,,0,0.3,
MDG,"Madagascar",2007,,0,0.1,
MDG,"Madagascar",2008,,0,0.1,
MDG,"Madagascar",2009,,0,0.1,
MDG,"Madagascar",2010,,0,0,
MDG,"Madagascar",2011,,0,0.1,
MDG,"Madagascar",2012,,0,0.1,
MDG,"Madagascar",2013,0,0,2.2,1
MDG,"Madagascar",2014,0,0,2.6,1
MDG,"Madagascar",2015,0,0,3,2
MDG,"Madagascar",2016,0,0,3,2
MDG,"Madagascar",2017,6,0,5.1,2
MDG,"Madagascar",2018,6,0,6.3,2
MDG,"Madagascar",2019,6,0,10.4,2
MDV,"Maldives",2003,,,,
MDV,"Maldives",2004,,0,17.7,
MDV,"Maldives",2005,,0,17.7,
MDV,"Maldives",2006,,0,17.7,
MDV,"Maldives",2007,,0,17.7,
MDV,"Maldives",2008,,0,17.7,
MDV,"Maldives",2009,,0,17.7,
MDV,"Maldives",2010,,0,17.7,
MDV,"Maldives",2011,,0,17.7,
MDV,"Maldives",2012,,0,17.7,
MDV,"Maldives",2013,5,0,17.5,2
MDV,"Maldives",2014,5,0,17.3,2
MDV,"Maldives",2015,5,0,15.6,2
MDV,"Maldives",2016,5,0,22.6,2
MDV,"Maldives",2017,5,0,18.8,2
MDV,"Maldives",2018,5,0,23.6,2
MDV,"Maldives",2019,5,0,22.4,2
MEX,"Mexico",2003,,,,
MEX,"Mexico",2004,,,,
MEX,"Mexico",2005,,,,
MEX,"Mexico",2006,,,,
MEX,"Mexico",2007,,,,
MEX,"Mexico",2008,,,,
MEX,"Mexico",2009,,,,
MEX,"Mexico",2010,,,,
MEX,"Mexico",2011,,,,
MEX,"Mexico",2012,,,,
MEX,"Mexico",2013,8,100,0,7
MEX,"Mexico",2014,8,100,0,8
MEX,"Mexico",2015,8,100,0,10
MEX,"Mexico",2016,8,100,0,10
MEX,"Mexico",2017,8,100,0,10
MEX,"Mexico",2018,8,100,0,10
MEX,"Mexico",2019,8,100,0,10
MEX,"Mexico City",2003,,,,
MEX,"Mexico City",2004,,38.2,0,
MEX,"Mexico City",2005,,49.4,0,
MEX,"Mexico City",2006,,69.5,0,
MEX,"Mexico City",2007,,61.2,0,
MEX,"Mexico City",2008,,70.8,0,
MEX,"Mexico City",2009,,77.5,0,
MEX,"Mexico City",2010,,71.6,0,
MEX,"Mexico City",2011,,98.1,0,
MEX,"Mexico City",2012,,99.2,0,
MEX,"Mexico City",2013,8,100,0,7
MEX,"Mexico City",2014,8,100,0,8
MEX,"Mexico City",2015,8,100,0,10
MEX,"Mexico City",2016,8,100,0,10
MEX,"Mexico City",2017,8,100,0,10
MEX,"Mexico City",2018,8,100,0,10
MEX,"Mexico City",2019,8,100,0,10
MEX,"Monterrey",2003,,,,
MEX,"Monterrey",2004,,,,
MEX,"Monterrey",2005,,,,
MEX,"Monterrey",2006,,,,
MEX,"Monterrey",2007,,,,
MEX,"Monterrey",2008,,,,
MEX,"Monterrey",2009,,,,
MEX,"Monterrey",2010,,,,
MEX,"Monterrey",2011,,,,
MEX,"Monterrey",2012,,,,
MEX,"Monterrey",2013,8,100,0,7
MEX,"Monterrey",2014,8,100,0,8
MEX,"Monterrey",2015,8,100,0,10
MEX,"Monterrey",2016,8,100,0,10
MEX,"Monterrey",2017,8,100,0,10
MEX,"Monterrey",2018,8,100,0,10
MEX,"Monterrey",2019,8,100,0,10
MHL,"Marshall Islands",2003,,,,
MHL,"Marshall Islands",2004,,0,0,
MHL,"Marshall Islands",2005,,0,0,
MHL,"Marshall Islands",2006,,0,0,
MHL,"Marshall Islands",2007,,0,0,
MHL,"Marshall Islands",2008,,0,0,
MHL,"Marshall Islands",2009,,0,0,
MHL,"Marshall Islands",2010,,0,0,
MHL,"Marshall Islands",2011,,0,0,
MHL,"Marshall Islands",2012,,0,0,
MHL,"Marshall Islands",2013,0,0,0,10
MHL,"Marshall Islands",2014,0,0,0,10
MHL,"Marshall Islands",2015,0,0,0,10
MHL,"Marshall Islands",2016,0,0,0,10
MHL,"Marshall Islands",2017,0,0,0,10
MHL,"Marshall Islands",2018,0,0,0,10
MHL,"Marshall Islands",2019,0,0,0,10
MKD,"North Macedonia",2003,,,,
MKD,"North Macedonia",2004,,0,0.6,
MKD,"North Macedonia",2005,,0,1.9,
MKD,"North Macedonia",2006,,0,2.1,
MKD,"North Macedonia",2007,,0,4,
MKD,"North Macedonia",2008,,0,6.5,
MKD,"North Macedonia",2009,,0,28.1,
MKD,"North Macedonia",2010,,0,39.4,
MKD,"North Macedonia",2011,,68.3,34.3,
MKD,"North Macedonia",2012,,72.2,34.8,
MKD,"North Macedonia",2013,7,77.1,34.8,6
MKD,"North Macedonia",2014,7,83.7,36.4,6
MKD,"North Macedonia",2015,7,89.3,38,6
MKD,"North Macedonia",2016,7,94.5,40,9
MKD,"North Macedonia",2017,7,100,39.7,9
MKD,"North Macedonia",2018,7,100,40.7,9
MKD,"North Macedonia",2019,7,100,41.7,9
MLI,"Mali",2003,,,,
MLI,"Mali",2004,,0,0.1,
MLI,"Mali",2005,,0,2.3,
MLI,"Mali",2006,,0,2.9,
MLI,"Mali",2007,,0,2.5,
MLI,"Mali",2008,,0,4.1,
MLI,"Mali",2009,,0,4,
MLI,"Mali",2010,,0,2.9,
MLI,"Mali",2011,,0,3.7,
MLI,"Mali",2012,,0,3.3,
MLI,"Mali",2013,0,0,3.7,6
MLI,"Mali",2014,0,0,3.6,6
MLI,"Mali",2015,0,0,0.1,6
MLI,"Mali",2016,0,0,0.1,6
MLI,"Mali",2017,0,0.8,0.1,6
MLI,"Mali",2018,0,1.6,0.1,6
MLI,"Mali",2019,0,3.5,0,6
MLT,"Malta",2003,,,,
MLT,"Malta",2004,,,,
MLT,"Malta",2005,,,,
MLT,"Malta",2006,,,,
MLT,"Malta",2007,,,,
MLT,"Malta",2008,,,,
MLT,"Malta",2009,,,,
MLT,"Malta",2010,,,,
MLT,"Malta",2011,,0,0,
MLT,"Malta",2012,,0,0,
MLT,"Malta",2013,0,0,0,2
MLT,"Malta",2014,0,0,0,2
MLT,"Malta",2015,0,0,0,2
MLT,"Malta",2016,4,0,53.6,2
MLT,"Malta",2017,4,0,53.6,2
MLT,"Malta",2018,5,0,54.7,2
MLT,"Malta",2019,5,0,54.4,2
MMR,"Myanmar",2003,,,,
MMR,"Myanmar",2004,,,,
MMR,"Myanmar",2005,,,,
MMR,"Myanmar",2006,,,,
MMR,"Myanmar",2007,,,,
MMR,"Myanmar",2008,,,,
MMR,"Myanmar",2009,,,,
MMR,"Myanmar",2010,,,,
MMR,"Myanmar",2011,,,,
MMR,"Myanmar",2012,,0,0,
MMR,"Myanmar",2013,0,0,0,2
MMR,"Myanmar",2014,0,0,0,2
MMR,"Myanmar",2015,0,0,0,2
MMR,"Myanmar",2016,0,0,0,2
MMR,"Myanmar",2017,0,0,0,2
MMR,"Myanmar",2018,0,0,0,2
MMR,"Myanmar",2019,0,0,0,2
MNE,"Montenegro",2003,,,,
MNE,"Montenegro",2004,,,,
MNE,"Montenegro",2005,,,,
MNE,"Montenegro",2006,,0,0,
MNE,"Montenegro",2007,,0,0,
MNE,"Montenegro",2008,,0,26.3,
MNE,"Montenegro",2009,,0,27.6,
MNE,"Montenegro",2010,,0,26.7,
MNE,"Montenegro",2011,,0,26.4,
MNE,"Montenegro",2012,,0,25.2,
MNE,"Montenegro",2013,5,0,25.2,12
MNE,"Montenegro",2014,5,0,26,12
MNE,"Montenegro",2015,5,0,26.4,12
MNE,"Montenegro",2016,5,0,30.8,12
MNE,"Montenegro",2017,5,0,31.6,12
MNE,"Montenegro",2018,5,0,38.8,12
MNE,"Montenegro",2019,5,0,41,12
MNG,"Mongolia",2003,,,,
MNG,"Mongolia",2004,,0,2.3,
MNG,"Mongolia",2005,,0,4.7,
MNG,"Mongolia",2006,,0,10.2,
MNG,"Mongolia",2007,,0,10.8,
MNG,"Mongolia",2008,,0,22.7,
MNG,"Mongolia",2009,,0,22.2,
MNG,"Mongolia",2010,,0,19.2,
MNG,"Mongolia",2011,,0,51.4,
MNG,"Mongolia",2012,,0,58.9,
MNG,"Mongolia",2013,6,0,58.3,5
MNG,"Mongolia",2014,6,0,32.7,5
MNG,"Mongolia",2015,7,0,40.5,5
MNG,"Mongolia",2016,7,0,42.2,5
MNG,"Mongolia",2017,7,0,45,9
MNG,"Mongolia",2018,7,0,50.3,9
MNG,"Mongolia",2019,7,0,53.6,9
MOZ,"Mozambique",2003,,,,
MOZ,"Mozambique",2004,,0,0.5,
MOZ,"Mozambique",2005,,0,0.8,
MOZ,"Mozambique",2006,,0,0.7,
MOZ,"Mozambique",2007,,0,0.9,
MOZ,"Mozambique",2008,,0,1.9,
MOZ,"Mozambique",2009,,0,2.3,
MOZ,"Mozambique",2010,,0,2.2,
MOZ,"Mozambique",2011,,0,3.8,
MOZ,"Mozambique",2012,,0,4.4,
MOZ,"Mozambique",2013,0,0,4.3,1
MOZ,"Mozambique",2014,4,0,5.7,1
MOZ,"Mozambique",2015,4,0,5.6,1
MOZ,"Mozambique",2016,4,0,5.3,1
MOZ,"Mozambique",2017,4,0,7.4,1
MOZ,"Mozambique",2018,4,0,7.3,1
MOZ,"Mozambique",2019,4,0,7.6,1
MRT,"Mauritania",2003,,,,
MRT,"Mauritania",2004,,0,0.2,
MRT,"Mauritania",2005,,0,0.2,
MRT,"Mauritania",2006,,0,0.2,
MRT,"Mauritania",2007,,0,0.2,
MRT,"Mauritania",2008,,0,0.2,
MRT,"Mauritania",2009,,0,0.2,
MRT,"Mauritania",2010,,0,0.1,
MRT,"Mauritania",2011,,0,0.2,
MRT,"Mauritania",2012,,0,0.5,
MRT,"Mauritania",2013,0,0,1.4,2
MRT,"Mauritania",2014,0,0,4.6,2
MRT,"Mauritania",2015,2,0,6.1,2
MRT,"Mauritania",2016,3,0,6.6,2
MRT,"Mauritania",2017,3,0,7.1,2
MRT,"Mauritania",2018,4,0,7.8,2
MRT,"Mauritania",2019,6,0,8.4,2
MUS,"Mauritius",2003,,,,
MUS,"Mauritius",2004,,0,0,
MUS,"Mauritius",2005,,0,0,
MUS,"Mauritius",2006,,0,10.2,
MUS,"Mauritius",2007,,0,10.2,
MUS,"Mauritius",2008,,0,20.6,
MUS,"Mauritius",2009,,0,36.8,
MUS,"Mauritius",2010,,0,49.8,
MUS,"Mauritius",2011,,0,49.8,
MUS,"Mauritius",2012,,0,56.3,
MUS,"Mauritius",2013,7,0,69.2,6
MUS,"Mauritius",2014,7,0,71.9,6
MUS,"Mauritius",2015,7,0,82.6,6
MUS,"Mauritius",2016,7,0,83.3,6
MUS,"Mauritius",2017,7,0,86.1,6
MUS,"Mauritius",2018,7,0,100,6
MUS,"Mauritius",2019,7,0,100,6
MWI,"Malawi",2003,,,,
MWI,"Malawi",2004,,0,0,
MWI,"Malawi",2005,,0,0,
MWI,"Malawi",2006,,0,0,
MWI,"Malawi",2007,,0,0,
MWI,"Malawi",2008,,0,0,
MWI,"Malawi",2009,,0,0,
MWI,"Malawi",2010,,0,0,
MWI,"Malawi",2011,,0,0,
MWI,"Malawi",2012,,0,0,
MWI,"Malawi",2013,0,0,0,5
MWI,"Malawi",2014,0,0,0,5
MWI,"Malawi",2015,0,0,0,5
MWI,"Malawi",2016,0,0,0,9
MWI,"Malawi",2017,7,23.5,0,11
MWI,"Malawi",2018,7,30,0,11
MWI,"Malawi",2019,7,40.2,0,11
MYS,"Malaysia",2003,,,,
MYS,"Malaysia",2004,,0,33.9,
MYS,"Malaysia",2005,,0,33.7,
MYS,"Malaysia",2006,,0,42.2,
MYS,"Malaysia",2007,,0,44.5,
MYS,"Malaysia",2008,,0,52.9,
MYS,"Malaysia",2009,,82,48.5,
MYS,"Malaysia",2010,,100,62,
MYS,"Malaysia",2011,,83.4,49.4,
MYS,"Malaysia",2012,,81.8,56.1,
MYS,"Malaysia",2013,7,77.2,52.9,7
MYS,"Malaysia",2014,7,78.6,56.2,7
MYS,"Malaysia",2015,7,77.1,57,7
MYS,"Malaysia",2016,8,76.4,62.4,7
MYS,"Malaysia",2017,8,82.6,63.6,7
MYS,"Malaysia",2018,8,86.6,63.3,7
MYS,"Malaysia",2019,8,89.1,64.9,7
NAM,"Namibia",2003,,,,
NAM,"Namibia",2004,,35.3,0,
NAM,"Namibia",2005,,35.2,0,
NAM,"Namibia",2006,,35.2,0,
NAM,"Namibia",2007,,59.9,0,
NAM,"Namibia",2008,,59.6,0,
NAM,"Namibia",2009,,57.7,0,
NAM,"Namibia",2010,,58.5,0,
NAM,"Namibia",2011,,61.5,0,
NAM,"Namibia",2012,,63.9,0,
NAM,"Namibia",2013,6,66.2,0,5
NAM,"Namibia",2014,6,64.3,0,5
NAM,"Namibia",2015,7,62.8,0,5
NAM,"Namibia",2016,7,61.2,0,5
NAM,"Namibia",2017,7,61,0,5
NAM,"Namibia",2018,7,60.8,0,5
NAM,"Namibia",2019,7,62.7,0,5
NER,"Niger",2003,,,,
NER,"Niger",2004,,0,0.1,
NER,"Niger",2005,,0,0.9,
NER,"Niger",2006,,0,1.2,
NER,"Niger",2007,,0,1,
NER,"Niger",2008,,0,0.9,
NER,"Niger",2009,,0,0.9,
NER,"Niger",2010,,0,0.7,
NER,"Niger",2011,,0,0.9,
NER,"Niger",2012,,0,0.8,
NER,"Niger",2013,0,0,1,6
NER,"Niger",2014,0,0,1,6
NER,"Niger",2015,0,0,0.3,6
NER,"Niger",2016,0,0,0.3,6
NER,"Niger",2017,0,0.2,0.3,6
NER,"Niger",2018,0,0.5,0.3,6
NER,"Niger",2019,8,6.2,0,6
NGA,"Kano",2003,,,,
NGA,"Kano",2004,,,,
NGA,"Kano",2005,,,,
NGA,"Kano",2006,,,,
NGA,"Kano",2007,,,,
NGA,"Kano",2008,,,,
NGA,"Kano",2009,,,,
NGA,"Kano",2010,,,,
NGA,"Kano",2011,,,,
NGA,"Kano",2012,,,,
NGA,"Kano",2013,0,4.9,0.1,6
NGA,"Kano",2014,6,5.8,0.1,6
NGA,"Kano",2015,6,6.7,0.1,6
NGA,"Kano",2016,6,7.7,0.1,6
NGA,"Kano",2017,8,7.8,0.1,9
NGA,"Kano",2018,8,11,0.8,9
NGA,"Kano",2019,8,13.9,4.8,9
NGA,"Lagos",2003,,,,
NGA,"Lagos",2004,,0,0,
NGA,"Lagos",2005,,0,0,
NGA,"Lagos",2006,,0,0,
NGA,"Lagos",2007,,0,0,
NGA,"Lagos",2008,,0,0.1,
NGA,"Lagos",2009,,0,0,
NGA,"Lagos",2010,,4.1,0,
NGA,"Lagos",2011,,4.1,0.1,
NGA,"Lagos",2012,,4.1,0.1,
NGA,"Lagos",2013,0,4.9,0.1,6
NGA,"Lagos",2014,6,5.8,0.1,6
NGA,"Lagos",2015,6,6.7,0.1,6
NGA,"Lagos",2016,6,7.7,0.1,6
NGA,"Lagos",2017,8,7.8,0.1,9
NGA,"Lagos",2018,8,11,0.8,9
NGA,"Lagos",2019,8,13.9,4.8,9
NGA,"Nigeria",2003,,,,
NGA,"Nigeria",2004,,,,
NGA,"Nigeria",2005,,,,
NGA,"Nigeria",2006,,,,
NGA,"Nigeria",2007,,,,
NGA,"Nigeria",2008,,,,
NGA,"Nigeria",2009,,,,
NGA,"Nigeria",2010,,,,
NGA,"Nigeria",2011,,,,
NGA,"Nigeria",2012,,,,
NGA,"Nigeria",2013,0,4.9,0.1,6
NGA,"Nigeria",2014,6,5.8,0.1,6
NGA,"Nigeria",2015,6,6.7,0.1,6
NGA,"Nigeria",2016,6,7.7,0.1,6
NGA,"Nigeria",2017,8,7.8,0.1,9
NGA,"Nigeria",2018,8,11,0.8,9
NGA,"Nigeria",2019,8,13.9,4.8,9
NIC,"Nicaragua",2003,,,,
NIC,"Nicaragua",2004,,0,6.2,
NIC,"Nicaragua",2005,,0,8.1,
NIC,"Nicaragua",2006,,3.4,12.5,
NIC,"Nicaragua",2007,,100,14.8,
NIC,"Nicaragua",2008,,27.9,13.4,
NIC,"Nicaragua",2009,,28.4,16,
NIC,"Nicaragua",2010,,21.4,14,
NIC,"Nicaragua",2011,,31.9,10.5,
NIC,"Nicaragua",2012,,29.5,10.8,
NIC,"Nicaragua",2013,7,32.3,16,1
NIC,"Nicaragua",2014,8,40.7,16.2,1
NIC,"Nicaragua",2015,8,48.7,16.3,1
NIC,"Nicaragua",2016,8,53.9,17.9,1
NIC,"Nicaragua",2017,8,55.9,20.4,1
NIC,"Nicaragua",2018,8,59.5,21.7,2
NIC,"Nicaragua",2019,8,56.6,12.9,2
NLD,"Netherlands",2003,,,,
NLD,"Netherlands",2004,,64.5,0,
NLD,"Netherlands",2005,,68.9,0,
NLD,"Netherlands",2006,,75.4,0,
NLD,"Netherlands",2007,,78.1,0,
NLD,"Netherlands",2008,,81,0,
NLD,"Netherlands",2009,,83.5,0,
NLD,"Netherlands",2010,,100,0,
NLD,"Netherlands",2011,,83.2,0,
NLD,"Netherlands",2012,,81.7,0,
NLD,"Netherlands",2013,6,79.9,0,2
NLD,"Netherlands",2014,6,79.4,0,2
NLD,"Netherlands",2015,6,78.2,0,2
NLD,"Netherlands",2016,6,75.7,0,2
NLD,"Netherlands",2017,7,95.2,0,2
NLD,"Netherlands",2018,7,95.8,0,2
NLD,"Netherlands",2019,7,98.7,0,2
NOR,"Norway",2003,,,,
NOR,"Norway",2004,,100,0,
NOR,"Norway",2005,,100,0,
NOR,"Norway",2006,,100,0,
NOR,"Norway",2007,,100,0,
NOR,"Norway",2008,,100,0,
NOR,"Norway",2009,,100,0,
NOR,"Norway",2010,,100,0,
NOR,"Norway",2011,,100,0,
NOR,"Norway",2012,,100,0,
NOR,"Norway",2013,6,100,0,5
NOR,"Norway",2014,6,100,0,5
NOR,"Norway",2015,6,100,0,5
NOR,"Norway",2016,6,100,0,5
NOR,"Norway",2017,6,100,0,5
NOR,"Norway",2018,6,100,0,5
NOR,"Norway",2019,6,100,0,5
NPL,"Nepal",2003,,,,
NPL,"Nepal",2004,,0,0,
NPL,"Nepal",2005,,0.1,0,
NPL,"Nepal",2006,,0.1,0,
NPL,"Nepal",2007,,0.2,0,
NPL,"Nepal",2008,,0.2,0,
NPL,"Nepal",2009,,0.3,0,
NPL,"Nepal",2010,,0.3,0,
NPL,"Nepal",2011,,0.3,0,
NPL,"Nepal",2012,,0.5,0,
NPL,"Nepal",2013,0,0.7,0,6
NPL,"Nepal",2014,0,1,0,6
NPL,"Nepal",2015,0,1.3,0,6
NPL,"Nepal",2016,0,1.8,0,6
NPL,"Nepal",2017,0,1.7,0,10
NPL,"Nepal",2018,0,2.7,0,10
NPL,"Nepal",2019,5,7.3,0,10
NZL,"New Zealand",2003,,,,
NZL,"New Zealand",2004,,97.8,0,
NZL,"New Zealand",2005,,95.8,0,
NZL,"New Zealand",2006,,100,0,
NZL,"New Zealand",2007,,100,0,
NZL,"New Zealand",2008,,100,0,
NZL,"New Zealand",2009,,100,0,
NZL,"New Zealand",2010,,100,0,
NZL,"New Zealand",2011,,100,0,
NZL,"New Zealand",2012,,100,0,
NZL,"New Zealand",2013,7,100,0,12
NZL,"New Zealand",2014,8,100,0,12
NZL,"New Zealand",2015,8,100,0,12
NZL,"New Zealand",2016,8,100,0,12
NZL,"New Zealand",2017,8,100,0,12
NZL,"New Zealand",2018,8,100,0,12
NZL,"New Zealand",2019,8,100,0,12
OMN,"Oman",2003,,,,
OMN,"Oman",2004,,0,0,
OMN,"Oman",2005,,0,0,
OMN,"Oman",2006,,0,17.5,
OMN,"Oman",2007,,0,12.4,
OMN,"Oman",2008,,0,23.4,
OMN,"Oman",2009,,0,17,
OMN,"Oman",2010,,0,19.6,
OMN,"Oman",2011,,0,18.9,
OMN,"Oman",2012,,0,37.3,
OMN,"Oman",2013,6,0,21,1
OMN,"Oman",2014,6,0,20.6,1
OMN,"Oman",2015,6,0,23.3,1
OMN,"Oman",2016,6,0,22.7,1
OMN,"Oman",2017,6,0,26.7,1
OMN,"Oman",2018,6,0,26.9,1
OMN,"Oman",2019,6,0,27.1,1
PAK,"Karachi",2003,,,,
PAK,"Karachi",2004,,0.4,0.2,
PAK,"Karachi",2005,,0.9,0.3,
PAK,"Karachi",2006,,1.1,0.3,
PAK,"Karachi",2007,,1.4,4.6,
PAK,"Karachi",2008,,1.5,4.9,
PAK,"Karachi",2009,,1.5,5.6,
PAK,"Karachi",2010,,1.4,5.8,
PAK,"Karachi",2011,,2,6.9,
PAK,"Karachi",2012,,2,7.2,
PAK,"Karachi",2013,3,2.1,8,2
PAK,"Karachi",2014,3,4.5,7.3,2
PAK,"Karachi",2015,3,4.8,6.7,2
PAK,"Karachi",2016,7,5.8,9.4,2
PAK,"Karachi",2017,7,6.7,9.9,2
PAK,"Karachi",2018,7,7.2,10.7,2
PAK,"Karachi",2019,7,6.7,11.7,2
PAK,"Lahore",2003,,,,
PAK,"Lahore",2004,,,,
PAK,"Lahore",2005,,,,
PAK,"Lahore",2006,,,,
PAK,"Lahore",2007,,,,
PAK,"Lahore",2008,,,,
PAK,"Lahore",2009,,,,
PAK,"Lahore",2010,,,,
PAK,"Lahore",2011,,,,
PAK,"Lahore",2012,,,,
PAK,"Lahore",2013,3,2.1,8,2
PAK,"Lahore",2014,3,4.5,7.3,2
PAK,"Lahore",2015,3,4.8,6.7,2
PAK,"Lahore",2016,7,5.8,9.4,2
PAK,"Lahore",2017,7,6.7,9.9,2
PAK,"Lahore",2018,7,7.2,10.7,2
PAK,"Lahore",2019,7,6.7,11.7,2
PAK,"Pakistan",2003,,,,
PAK,"Pakistan",2004,,,,
PAK,"Pakistan",2005,,,,
PAK,"Pakistan",2006,,,,
PAK,"Pakistan",2007,,,,
PAK,"Pakistan",2008,,,,
PAK,"Pakistan",2009,,,,
PAK,"Pakistan",2010,,,,
PAK,"Pakistan",2011,,,,
PAK,"Pakistan",2012,,,,
PAK,"Pakistan",2013,3,2.1,8,2
PAK,"Pakistan",2014,3,4.5,7.3,2
PAK,"Pakistan",2015,3,4.8,6.7,2
PAK,"Pakistan",2016,7,5.8,9.4,2
PAK,"Pakistan",2017,7,6.7,9.9,2
PAK,"Pakistan",2018,7,7.2,10.7,2
PAK,"Pakistan",2019,7,6.7,11.7,2
PAN,"Panama",2003,,,,
PAN,"Panama",2004,,53,0,
PAN,"Panama",2005,,40.2,0,
PAN,"Panama",2006,,45.5,0,
PAN,"Panama",2007,,41.6,0,
PAN,"Panama",2008,,43.7,0,
PAN,"Panama",2009,,45.9,0,
PAN,"Panama",2010,,31.9,0,
PAN,"Panama",2011,,53.8,0,
PAN,"Panama",2012,,57.9,0,
PAN,"Panama",2013,8,60.8,0,4
PAN,"Panama",2014,8,63,0,7
PAN,"Panama",2015,8,60.7,0,7
PAN,"Panama",2016,8,58.1,0,7
PAN,"Panama",2017,8,66.8,0,8
PAN,"Panama",2018,8,73.7,0,8
PAN,"Panama",2019,8,77,0,8
PER,"Peru",2003,,,,
PER,"Peru",2004,,27.1,14.3,
PER,"Peru",2005,,27.8,14.3,
PER,"Peru",2006,,28.6,19.2,
PER,"Peru",2007,,33,20.7,
PER,"Peru",2008,,33.2,23.7,
PER,"Peru",2009,,31.8,23,
PER,"Peru",2010,,33.3,25.5,
PER,"Peru",2011,,36,28.5,
PER,"Peru",2012,,42.5,31.2,
PER,"Peru",2013,8,41.5,31.7,7
PER,"Peru",2014,8,100,33.5,7
PER,"Peru",2015,8,100,35.2,7
PER,"Peru",2016,8,100,37.4,7
PER,"Peru",2017,8,100,37.4,7
PER,"Peru",2018,8,100,38.2,7
PER,"Peru",2019,8,100,39.4,7
PHL,"Philippines",2003,,,,
PHL,"Philippines",2004,,0.6,0,
PHL,"Philippines",2005,,0.6,0,
PHL,"Philippines",2006,,0.6,0,
PHL,"Philippines",2007,,0.5,0,
PHL,"Philippines",2008,,0.5,0,
PHL,"Philippines",2009,,0.5,0,
PHL,"Philippines",2010,,0.5,0,
PHL,"Philippines",2011,,0.5,0,
PHL,"Philippines",2012,,7.3,0,
PHL,"Philippines",2013,6,6.9,0,1
PHL,"Philippines",2014,6,7.1,0,1
PHL,"Philippines",2015,6,8.1,0,1
PHL,"Philippines",2016,7,9.9,0,1
PHL,"Philippines",2017,7,10.7,0,1
PHL,"Philippines",2018,7,12.4,0,1
PHL,"Philippines",2019,7,13.5,0,1
PLW,"Palau",2003,,,,
PLW,"Palau",2004,,0,0,
PLW,"Palau",2005,,0,0,
PLW,"Palau",2006,,0,0,
PLW,"Palau",2007,,0,0,
PLW,"Palau",2008,,0,0,
PLW,"Palau",2009,,0,0,
PLW,"Palau",2010,,0,0,
PLW,"Palau",2011,,0,0,
PLW,"Palau",2012,,0,0,
PLW,"Palau",2013,0,0,0,10
PLW,"Palau",2014,0,0,0,10
PLW,"Palau",2015,0,0,0,10
PLW,"Palau",2016,0,0,0,10
PLW,"Palau",2017,0,0,0,10
PLW,"Palau",2018,0,0,0,10
PLW,"Palau",2019,0,0,0,10
PNG,"Papua New Guinea",2003,,,,
PNG,"Papua New Guinea",2004,,0,0,
PNG,"Papua New Guinea",2005,,0,0,
PNG,"Papua New Guinea",2006,,0,0,
PNG,"Papua New Guinea",2007,,0,0,
PNG,"Papua New Guinea",2008,,0,0,
PNG,"Papua New Guinea",2009,,0,0,
PNG,"Papua New Guinea",2010,,0.6,0,
PNG,"Papua New Guinea",2011,,1.8,0,
PNG,"Papua New Guinea",2012,,2.9,0,
PNG,"Papua New Guinea",2013,0,2.8,0,3
PNG,"Papua New Guinea",2014,0,3.6,0,3
PNG,"Papua New Guinea",2015,5,5.5,0,3
PNG,"Papua New Guinea",2016,5,6.1,0,9
PNG,"Papua New Guinea",2017,5,7,0,9
PNG,"Papua New Guinea",2018,5,7,0,9
PNG,"Papua New Guinea",2019,5,7.5,0,9
POL,"Poland",2003,,,,
POL,"Poland",2004,,38,0,
POL,"Poland",2005,,38.1,0,
POL,"Poland",2006,,38.1,0,
POL,"Poland",2007,,51.5,0,
POL,"Poland",2008,,50,0,
POL,"Poland",2009,,68.3,0,
POL,"Poland",2010,,91.7,0,
POL,"Poland",2011,,74.8,0,
POL,"Poland",2012,,76.9,0,
POL,"Poland",2013,8,82.8,0,7
POL,"Poland",2014,8,84.3,0,7
POL,"Poland",2015,8,91,0,7
POL,"Poland",2016,8,92.5,0,7
POL,"Poland",2017,8,85.7,0,7
POL,"Poland",2018,8,98.1,0,7
POL,"Poland",2019,8,100,0,7
PRI,"Puerto Rico",2003,,,,
PRI,"Puerto Rico",2004,,64.3,0,
PRI,"Puerto Rico",2005,,63.6,0,
PRI,"Puerto Rico",2006,,63.6,0,
PRI,"Puerto Rico",2007,,62,0,
PRI,"Puerto Rico",2008,,61.4,0,
PRI,"Puerto Rico",2009,,73.8,0,
PRI,"Puerto Rico",2010,,71.5,0,
PRI,"Puerto Rico",2011,,72.3,0,
PRI,"Puerto Rico",2012,,81.5,0,
PRI,"Puerto Rico",2013,7,100,0,11
PRI,"Puerto Rico",2014,7,100,0,11
PRI,"Puerto Rico",2015,7,100,0,11
PRI,"Puerto Rico",2016,7,100,0,11
PRI,"Puerto Rico",2017,7,100,0,12
PRI,"Puerto Rico",2018,7,100,0,12
PRI,"Puerto Rico",2019,7,100,0,12
PRT,"Portugal",2003,,,,
PRT,"Portugal",2004,,7.9,63.7,
PRT,"Portugal",2005,,9.8,64.3,
PRT,"Portugal",2006,,9.1,72,
PRT,"Portugal",2007,,11.3,67.1,
PRT,"Portugal",2008,,11.3,76.4,
PRT,"Portugal",2009,,16.4,81.3,
PRT,"Portugal",2010,,16.3,67.1,
PRT,"Portugal",2011,,21.5,86.2,
PRT,"Portugal",2012,,22.9,96,
PRT,"Portugal",2013,7,23.2,100,2
PRT,"Portugal",2014,7,23.4,100,2
PRT,"Portugal",2015,7,16.1,100,2
PRT,"Portugal",2016,7,7.8,100,2
PRT,"Portugal",2017,7,7.8,100,2
PRT,"Portugal",2018,7,7.9,100,2
PRT,"Portugal",2019,7,7.9,100,2
PRY,"Paraguay",2003,,,,
PRY,"Paraguay",2004,,52.2,9,
PRY,"Paraguay",2005,,52.2,8.7,
PRY,"Paraguay",2006,,52.2,10.6,
PRY,"Paraguay",2007,,48.7,11,
PRY,"Paraguay",2008,,48.6,9.7,
PRY,"Paraguay",2009,,47.4,10.9,
PRY,"Paraguay",2010,,50.5,13.9,
PRY,"Paraguay",2011,,48.5,15.7,
PRY,"Paraguay",2012,,47.5,16.7,
PRY,"Paraguay",2013,8,46.5,20.9,2
PRY,"Paraguay",2014,8,45.5,22.8,1
PRY,"Paraguay",2015,8,44.6,23.1,1
PRY,"Paraguay",2016,7,45.3,24.4,1
PRY,"Paraguay",2017,7,44.6,25.4,1
PRY,"Paraguay",2018,7,24.5,24.4,1
PRY,"Paraguay",2019,7,59.9,23.9,1
PSE,"West Bank and Gaza",2003,,,,
PSE,"West Bank and Gaza",2004,,0,0,
PSE,"West Bank and Gaza",2005,,0,0,
PSE,"West Bank and Gaza",2006,,0,0.7,
PSE,"West Bank and Gaza",2007,,0,1.8,
PSE,"West Bank and Gaza",2008,,0,7.8,
PSE,"West Bank and Gaza",2009,,0,6.5,
PSE,"West Bank and Gaza",2010,,0,5.6,
PSE,"West Bank and Gaza",2011,,0,5.5,
PSE,"West Bank and Gaza",2012,,0,8.1,
PSE,"West Bank and Gaza",2013,7,0,8.8,0
PSE,"West Bank and Gaza",2014,7,0,9,0
PSE,"West Bank and Gaza",2015,8,0,22.5,0
PSE,"West Bank and Gaza",2016,8,0,17.2,0
PSE,"West Bank and Gaza",2017,8,0,19,8
PSE,"West Bank and Gaza",2018,8,0,21,8
PSE,"West Bank and Gaza",2019,8,0,22.9,8
QAT,"Qatar",2003,,,,
QAT,"Qatar",2004,,,,
QAT,"Qatar",2005,,,,
QAT,"Qatar",2006,,,,
QAT,"Qatar",2007,,0,0,
QAT,"Qatar",2008,,0,0,
QAT,"Qatar",2009,,0,0,
QAT,"Qatar",2010,,0,0.1,
QAT,"Qatar",2011,,0,32.2,
QAT,"Qatar",2012,,0,25.2,
QAT,"Qatar",2013,5,0,22.7,1
QAT,"Qatar",2014,5,0,23.3,1
QAT,"Qatar",2015,5,0,26.5,1
QAT,"Qatar",2016,5,0,30.5,1
QAT,"Qatar",2017,6,0,28.1,1
QAT,"Qatar",2018,7,0,28.2,1
QAT,"Qatar",2019,8,0,34.7,1
ROU,"Romania",2003,,,,
ROU,"Romania",2004,,0,0.4,
ROU,"Romania",2005,,1,1.4,
ROU,"Romania",2006,,5.5,2.6,
ROU,"Romania",2007,,10.9,4.1,
ROU,"Romania",2008,,24.7,4.5,
ROU,"Romania",2009,,30.2,5.7,
ROU,"Romania",2010,,33.3,13,
ROU,"Romania",2011,,42,15.2,
ROU,"Romania",2012,,44.9,14,
ROU,"Romania",2013,7,46.9,11.8,9
ROU,"Romania",2014,7,46.6,12.3,9
ROU,"Romania",2015,7,50.1,15.9,9
ROU,"Romania",2016,7,51.1,16.8,9
ROU,"Romania",2017,7,54.8,17.3,9
ROU,"Romania",2018,7,55.7,18.3,9
ROU,"Romania",2019,7,54.5,19.4,9
RUS,"Moscow",2003,,,,
RUS,"Moscow",2004,,0,0,
RUS,"Moscow",2005,,0,0,
RUS,"Moscow",2006,,0,0,
RUS,"Moscow",2007,,4.4,0,
RUS,"Moscow",2008,,10,0,
RUS,"Moscow",2009,,14.3,0,
RUS,"Moscow",2010,,14.4,0,
RUS,"Moscow",2011,,35.8,0,
RUS,"Moscow",2012,,45.4,0,
RUS,"Moscow",2013,7,59.2,0,4
RUS,"Moscow",2014,7,64.6,0,4
RUS,"Moscow",2015,7,70.2,0,7
RUS,"Moscow",2016,7,77.2,0,7
RUS,"Moscow",2017,7,81.8,0,9
RUS,"Moscow",2018,7,88,0,9
RUS,"Moscow",2019,7,100,0,9
RUS,"Russian Federation",2003,,,,
RUS,"Russian Federation",2004,,,,
RUS,"Russian Federation",2005,,,,
RUS,"Russian Federation",2006,,,,
RUS,"Russian Federation",2007,,,,
RUS,"Russian Federation",2008,,,,
RUS,"Russian Federation",2009,,,,
RUS,"Russian Federation",2010,,,,
RUS,"Russian Federation",2011,,,,
RUS,"Russian Federation",2012,,,,
RUS,"Russian Federation",2013,7,59.2,0,4
RUS,"Russian Federation",2014,7,64.6,0,4
RUS,"Russian Federation",2015,7,70.2,0,7
RUS,"Russian Federation",2016,7,77.2,0,7
RUS,"Russian Federation",2017,7,81.8,0,9
RUS,"Russian Federation",2018,7,88,0,9
RUS,"Russian Federation",2019,7,100,0,9
RUS,"St. Petersburg",2003,,,,
RUS,"St. Petersburg",2004,,,,
RUS,"St. Petersburg",2005,,,,
RUS,"St. Petersburg",2006,,,,
RUS,"St. Petersburg",2007,,,,
RUS,"St. Petersburg",2008,,,,
RUS,"St. Petersburg",2009,,,,
RUS,"St. Petersburg",2010,,,,
RUS,"St. Petersburg",2011,,,,
RUS,"St. Petersburg",2012,,,,
RUS,"St. Petersburg",2013,7,59.2,0,4
RUS,"St. Petersburg",2014,7,64.6,0,4
RUS,"St. Petersburg",2015,7,70.2,0,7
RUS,"St. Petersburg",2016,7,77.2,0,7
RUS,"St. Petersburg",2017,7,81.8,0,9
RUS,"St. Petersburg",2018,7,88,0,9
RUS,"St. Petersburg",2019,7,100,0,9
RWA,"Rwanda",2003,,,,
RWA,"Rwanda",2004,,0,0.1,
RWA,"Rwanda",2005,,0,0.1,
RWA,"Rwanda",2006,,0,0.2,
RWA,"Rwanda",2007,,0,0.2,
RWA,"Rwanda",2008,,0,0.3,
RWA,"Rwanda",2009,,0,0.4,
RWA,"Rwanda",2010,,0,0.7,
RWA,"Rwanda",2011,,2.2,1.4,
RWA,"Rwanda",2012,,7.1,2,
RWA,"Rwanda",2013,7,13,2.1,9
RWA,"Rwanda",2014,7,15.7,2.4,10
RWA,"Rwanda",2015,8,18.8,5.4,10
RWA,"Rwanda",2016,8,16.6,7.4,10
RWA,"Rwanda",2017,8,19.5,8.2,10
RWA,"Rwanda",2018,8,20.1,9.2,11
RWA,"Rwanda",2019,8,15.8,10.4,11
SAU,"Saudi Arabia",2003,,,,
SAU,"Saudi Arabia",2004,,0,0.1,
SAU,"Saudi Arabia",2005,,10.2,0.2,
SAU,"Saudi Arabia",2006,,12.5,0.2,
SAU,"Saudi Arabia",2007,,16.1,0,
SAU,"Saudi Arabia",2008,,14.1,0,
SAU,"Saudi Arabia",2009,,17.9,0,
SAU,"Saudi Arabia",2010,,18,0,
SAU,"Saudi Arabia",2011,,16,0,
SAU,"Saudi Arabia",2012,,33.3,0,
SAU,"Saudi Arabia",2013,8,44.3,0,1
SAU,"Saudi Arabia",2014,8,47,0,1
SAU,"Saudi Arabia",2015,8,47.4,0,1
SAU,"Saudi Arabia",2016,8,48.3,0,1
SAU,"Saudi Arabia",2017,8,50.2,0,1
SAU,"Saudi Arabia",2018,8,63.2,0,1
SAU,"Saudi Arabia",2019,8,56.7,0,3
SDN,"Sudan",2003,,,,
SDN,"Sudan",2004,,0,0,
SDN,"Sudan",2005,,0,0,
SDN,"Sudan",2006,,0,0,
SDN,"Sudan",2007,,0,0,
SDN,"Sudan",2008,,0,0,
SDN,"Sudan",2009,,0,0,
SDN,"Sudan",2010,,0,0,
SDN,"Sudan",2011,,0,0,
SDN,"Sudan",2012,,0,0,
SDN,"Sudan",2013,0,0.9,0,3
SDN,"Sudan",2014,0,1.3,0,3
SDN,"Sudan",2015,0,1.5,0,3
SDN,"Sudan",2016,0,2.1,0,3
SDN,"Sudan",2017,0,2.4,0,3
SDN,"Sudan",2018,0,3.1,0,5
SDN,"Sudan",2019,0,2.3,0,3
SEN,"Senegal",2003,,,,
SEN,"Senegal",2004,,0,0.3,
SEN,"Senegal",2005,,0,4.3,
SEN,"Senegal",2006,,0,4.7,
SEN,"Senegal",2007,,0,4,
SEN,"Senegal",2008,,0,4.4,
SEN,"Senegal",2009,,0,4.4,
SEN,"Senegal",2010,,0,3.7,
SEN,"Senegal",2011,,0,4.5,
SEN,"Senegal",2012,,0,4.6,
SEN,"Senegal",2013,0,0,1,6
SEN,"Senegal",2014,0,0,1,6
SEN,"Senegal",2015,0,0,0.5,6
SEN,"Senegal",2016,0,0.6,0.6,6
SEN,"Senegal",2017,0,2.4,0.6,6
SEN,"Senegal",2018,0,2.7,0.7,6
SEN,"Senegal",2019,7,8.2,0,6
SGP,"Singapore",2003,,,,
SGP,"Singapore",2004,,33.5,0,
SGP,"Singapore",2005,,38.6,0,
SGP,"Singapore",2006,,38.6,0,
SGP,"Singapore",2007,,42.7,0,
SGP,"Singapore",2008,,48.3,0,
SGP,"Singapore",2009,,40.3,0,
SGP,"Singapore",2010,,60.8,0,
SGP,"Singapore",2011,,53.8,0,
SGP,"Singapore",2012,,58.3,0,
SGP,"Singapore",2013,7,53,0,8
SGP,"Singapore",2014,7,50.8,0,8
SGP,"Singapore",2015,7,58.6,0,8
SGP,"Singapore",2016,7,65.7,0,8
SGP,"Singapore",2017,7,67.8,0,8
SGP,"Singapore",2018,7,60.9,0,8
SGP,"Singapore",2019,7,64.2,0,8
SLB,"Solomon Islands",2003,,,,
SLB,"Solomon Islands",2004,,0,0,
SLB,"Solomon Islands",2005,,0,0,
SLB,"Solomon Islands",2006,,0,0,
SLB,"Solomon Islands",2007,,0,0,
SLB,"Solomon Islands",2008,,0,0,
SLB,"Solomon Islands",2009,,0,0,
SLB,"Solomon Islands",2010,,0,0,
SLB,"Solomon Islands",2011,,0,0,
SLB,"Solomon Islands",2012,,0,0,
SLB,"Solomon Islands",2013,0,0,0,10
SLB,"Solomon Islands",2014,0,0,0,10
SLB,"Solomon Islands",2015,0,0,0,10
SLB,"Solomon Islands",2016,0,1.1,0,10
SLB,"Solomon Islands",2017,0,1.1,0,10
SLB,"Solomon Islands",2018,0,3.4,0,10
SLB,"Solomon Islands",2019,0,4.6,0,10
SLE,"Sierra Leone",2003,,,,
SLE,"Sierra Leone",2004,,0,0,
SLE,"Sierra Leone",2005,,0,0,
SLE,"Sierra Leone",2006,,0,0,
SLE,"Sierra Leone",2007,,0,0,
SLE,"Sierra Leone",2008,,0,0,
SLE,"Sierra Leone",2009,,0,0,
SLE,"Sierra Leone",2010,,0,0,
SLE,"Sierra Leone",2011,,0,0,
SLE,"Sierra Leone",2012,,0,0.7,
SLE,"Sierra Leone",2013,0,0,0.9,5
SLE,"Sierra Leone",2014,0,0,1,5
SLE,"Sierra Leone",2015,0,0,1.2,5
SLE,"Sierra Leone",2016,0,0,1.6,5
SLE,"Sierra Leone",2017,0,0,1.5,5
SLE,"Sierra Leone",2018,0,0,1.6,5
SLE,"Sierra Leone",2019,0,0,2.1,5
SLV,"El Salvador",2003,,,,
SLV,"El Salvador",2004,,82.3,19.8,
SLV,"El Salvador",2005,,78.7,17.3,
SLV,"El Salvador",2006,,79.6,30.5,
SLV,"El Salvador",2007,,74.6,17.2,
SLV,"El Salvador",2008,,83,18.4,
SLV,"El Salvador",2009,,94.6,21,
SLV,"El Salvador",2010,,95,21.8,
SLV,"El Salvador",2011,,81.1,23.9,
SLV,"El Salvador",2012,,83.7,26.5,
SLV,"El Salvador",2013,7,83.3,27.3,3
SLV,"El Salvador",2014,7,32,28.2,3
SLV,"El Salvador",2015,7,34.4,27.6,9
SLV,"El Salvador",2016,7,18.4,28.7,9
SLV,"El Salvador",2017,7,35.4,28.6,9
SLV,"El Salvador",2018,7,33.6,30.7,9
SLV,"El Salvador",2019,7,53.2,30.4,9
SMR,"San Marino",2003,,,,
SMR,"San Marino",2004,,,,
SMR,"San Marino",2005,,,,
SMR,"San Marino",2006,,,,
SMR,"San Marino",2007,,,,
SMR,"San Marino",2008,,,,
SMR,"San Marino",2009,,,,
SMR,"San Marino",2010,,,,
SMR,"San Marino",2011,,,,
SMR,"San Marino",2012,,0,0,
SMR,"San Marino",2013,0,0,0,1
SMR,"San Marino",2014,0,0,0,1
SMR,"San Marino",2015,0,0,0,1
SMR,"San Marino",2016,0,0,0,1
SMR,"San Marino",2017,0,0,0,1
SMR,"San Marino",2018,5,0,80.1,1
SMR,"San Marino",2019,5,0,92.6,1
SOM,"Somalia",2003,,,,
SOM,"Somalia",2004,,,,
SOM,"Somalia",2005,,,,
SOM,"Somalia",2006,,,,
SOM,"Somalia",2007,,,,
SOM,"Somalia",2008,,,,
SOM,"Somalia",2009,,,,
SOM,"Somalia",2010,,,,
SOM,"Somalia",2011,,,,
SOM,"Somalia",2012,,,,
SOM,"Somalia",2013,,,,
SOM,"Somalia",2014,,,,
SOM,"Somalia",2015,0,0,0,0
SOM,"Somalia",2016,0,0,0,0
SOM,"Somalia",2017,0,0,0,0
SOM,"Somalia",2018,0,0,0,0
SOM,"Somalia",2019,0,0,0,0
SRB,"Serbia",2003,,,,
SRB,"Serbia",2004,,0,0.1,
SRB,"Serbia",2005,,0,0.1,
SRB,"Serbia",2006,,43.4,0.1,
SRB,"Serbia",2007,,51.3,0.1,
SRB,"Serbia",2008,,91.9,0,
SRB,"Serbia",2009,,94.2,0,
SRB,"Serbia",2010,,100,0,
SRB,"Serbia",2011,,100,0,
SRB,"Serbia",2012,,100,0,
SRB,"Serbia",2013,7,100,0,6
SRB,"Serbia",2014,7,100,0,6
SRB,"Serbia",2015,7,100,0,6
SRB,"Serbia",2016,7,100,0,6
SRB,"Serbia",2017,7,100,0,6
SRB,"Serbia",2018,7,100,0,6
SRB,"Serbia",2019,7,100,0,6
SSD,"South Sudan",2003,,,,
SSD,"South Sudan",2004,,,,
SSD,"South Sudan",2005,,,,
SSD,"South Sudan",2006,,,,
SSD,"South Sudan",2007,,,,
SSD,"South Sudan",2008,,,,
SSD,"South Sudan",2009,,,,
SSD,"South Sudan",2010,,,,
SSD,"South Sudan",2011,,,,
SSD,"South Sudan",2012,,0,0,
SSD,"South Sudan",2013,0,0,0,2
SSD,"South Sudan",2014,0,0,0,2
SSD,"South Sudan",2015,0,0,0,2
SSD,"South Sudan",2016,0,0,0,2
SSD,"South Sudan",2017,0,0,0,2
SSD,"South Sudan",2018,0,0,0,2
SSD,"South Sudan",2019,0,0,0,2
STP,"São Tomé and Principe",2003,,,,
STP,"São Tomé and Principe",2004,,0,0,
STP,"São Tomé and Principe",2005,,0,0,
STP,"São Tomé and Principe",2006,,0,0,
STP,"São Tomé and Principe",2007,,0,0,
STP,"São Tomé and Principe",2008,,0,0,
STP,"São Tomé and Principe",2009,,0,0,
STP,"São Tomé and Principe",2010,,0,0,
STP,"São Tomé and Principe",2011,,0,0,
STP,"São Tomé and Principe",2012,,0,3.8,
STP,"São Tomé and Principe",2013,5,0,7.1,0
STP,"São Tomé and Principe",2014,5,0,7.8,0
STP,"São Tomé and Principe",2015,5,0,8.5,0
STP,"São Tomé and Principe",2016,5,0,10,0
STP,"São Tomé and Principe",2017,5,0,11.9,0
STP,"São Tomé and Principe",2018,5,0,17.2,0
STP,"São Tomé and Principe",2019,5,0,21.5,0
SUR,"Suriname",2003,,,,
SUR,"Suriname",2004,,,,
SUR,"Suriname",2005,,0,0,
SUR,"Suriname",2006,,0,0,
SUR,"Suriname",2007,,0,0,
SUR,"Suriname",2008,,0,0,
SUR,"Suriname",2009,,0,0,
SUR,"Suriname",2010,,0,0,
SUR,"Suriname",2011,,0,0,
SUR,"Suriname",2012,,0,0,
SUR,"Suriname",2013,0,0,0,2
SUR,"Suriname",2014,0,0,0,2
SUR,"Suriname",2015,0,0,0,2
SUR,"Suriname",2016,0,0,0,2
SUR,"Suriname",2017,0,0,0,2
SUR,"Suriname",2018,0,0,0,2
SUR,"Suriname",2019,0,0,0,2
SVK,"Slovak Republic",2003,,,,
SVK,"Slovak Republic",2004,,0,0.6,
SVK,"Slovak Republic",2005,,18.1,0.5,
SVK,"Slovak Republic",2006,,45.3,1,
SVK,"Slovak Republic",2007,,40.3,1.2,
SVK,"Slovak Republic",2008,,39.9,1.4,
SVK,"Slovak Republic",2009,,44,1.4,
SVK,"Slovak Republic",2010,,44.5,2.2,
SVK,"Slovak Republic",2011,,56.1,2.6,
SVK,"Slovak Republic",2012,,58.5,2.7,
SVK,"Slovak Republic",2013,6,61.6,2.7,7
SVK,"Slovak Republic",2014,6,65.7,2.8,7
SVK,"Slovak Republic",2015,7,67.3,3.2,7
SVK,"Slovak Republic",2016,7,76.4,3.1,7
SVK,"Slovak Republic",2017,7,79.4,3.2,7
SVK,"Slovak Republic",2018,7,80.7,3.3,7
SVK,"Slovak Republic",2019,7,85.4,2,7
SVN,"Slovenia",2003,,,,
SVN,"Slovenia",2004,,0,2.5,
SVN,"Slovenia",2005,,0,2.7,
SVN,"Slovenia",2006,,0,2.9,
SVN,"Slovenia",2007,,0,2.5,
SVN,"Slovenia",2008,,0,2.7,
SVN,"Slovenia",2009,,0,2.7,
SVN,"Slovenia",2010,,0,2.7,
SVN,"Slovenia",2011,,100,3.3,
SVN,"Slovenia",2012,,98.9,3.4,
SVN,"Slovenia",2013,4,100,3.3,3
SVN,"Slovenia",2014,4,100,3.2,3
SVN,"Slovenia",2015,4,100,3.1,3
SVN,"Slovenia",2016,4,100,3.1,3
SVN,"Slovenia",2017,6,0,100,3
SVN,"Slovenia",2018,6,0,100,3
SVN,"Slovenia",2019,6,0,100,3
SWE,"Sweden",2003,,,,
SWE,"Sweden",2004,,98,0,
SWE,"Sweden",2005,,100,0,
SWE,"Sweden",2006,,100,0,
SWE,"Sweden",2007,,100,0,
SWE,"Sweden",2008,,100,0,
SWE,"Sweden",2009,,100,0,
SWE,"Sweden",2010,,100,0,
SWE,"Sweden",2011,,100,0,
SWE,"Sweden",2012,,100,0,
SWE,"Sweden",2013,5,100,0,7
SWE,"Sweden",2014,5,100,0,7
SWE,"Sweden",2015,5,100,0,7
SWE,"Sweden",2016,5,100,0,7
SWE,"Sweden",2017,5,100,0,7
SWE,"Sweden",2018,5,100,0,7
SWE,"Sweden",2019,5,100,0,7
SWZ,"Eswatini",2003,,,,
SWZ,"Eswatini",2004,,,,
SWZ,"Eswatini",2005,,39,0,
SWZ,"Eswatini",2006,,39,0,
SWZ,"Eswatini",2007,,37.6,0,
SWZ,"Eswatini",2008,,43.5,0,
SWZ,"Eswatini",2009,,42.3,0,
SWZ,"Eswatini",2010,,35.7,0,
SWZ,"Eswatini",2011,,43.2,0,
SWZ,"Eswatini",2012,,47.8,0,
SWZ,"Eswatini",2013,6,41.6,0,4
SWZ,"Eswatini",2014,6,42.1,0,4
SWZ,"Eswatini",2015,6,46.4,0,4
SWZ,"Eswatini",2016,6,46.1,0,4
SWZ,"Eswatini",2017,7,44.2,0,4
SWZ,"Eswatini",2018,7,43,0,4
SWZ,"Eswatini",2019,7,54.2,0,4
SYC,"Seychelles",2003,,,,
SYC,"Seychelles",2004,,,,
SYC,"Seychelles",2005,,0,0,
SYC,"Seychelles",2006,,0,0,
SYC,"Seychelles",2007,,0,0,
SYC,"Seychelles",2008,,0,0,
SYC,"Seychelles",2009,,0,0,
SYC,"Seychelles",2010,,0,0,
SYC,"Seychelles",2011,,0,0,
SYC,"Seychelles",2012,,0,0,
SYC,"Seychelles",2013,0,0,0,2
SYC,"Seychelles",2014,0,0,0,2
SYC,"Seychelles",2015,5,0,47.5,2
SYC,"Seychelles",2016,5,0,100,2
SYC,"Seychelles",2017,5,0,66.9,2
SYC,"Seychelles",2018,5,0,66.3,2
SYC,"Seychelles",2019,5,0,76.6,2
SYR,"Syrian Arab Republic",2003,,,,
SYR,"Syrian Arab Republic",2004,,0,0,
SYR,"Syrian Arab Republic",2005,,0,0,
SYR,"Syrian Arab Republic",2006,,0,0,
SYR,"Syrian Arab Republic",2007,,0,0,
SYR,"Syrian Arab Republic",2008,,0,0,
SYR,"Syrian Arab Republic",2009,,0,0,
SYR,"Syrian Arab Republic",2010,,0,2.2,
SYR,"Syrian Arab Republic",2011,,0,3.7,
SYR,"Syrian Arab Republic",2012,,0,4.9,
SYR,"Syrian Arab Republic",2013,2,0,7,1
SYR,"Syrian Arab Republic",2014,2,0,7.7,1
SYR,"Syrian Arab Republic",2015,2,0,5.9,1
SYR,"Syrian Arab Republic",2016,2,0,7.2,1
SYR,"Syrian Arab Republic",2017,2,0,7.1,1
SYR,"Syrian Arab Republic",2018,2,0,7.3,1
SYR,"Syrian Arab Republic",2019,2,0,7.8,1
TCD,"Chad",2003,,,,
TCD,"Chad",2004,,0,0,
TCD,"Chad",2005,,0,0.2,
TCD,"Chad",2006,,0,0.2,
TCD,"Chad",2007,,0,0.2,
TCD,"Chad",2008,,0,0.6,
TCD,"Chad",2009,,0,0.2,
TCD,"Chad",2010,,0,0.8,
TCD,"Chad",2011,,0,0.5,
TCD,"Chad",2012,,0,0.5,
TCD,"Chad",2013,0,0,0.8,6
TCD,"Chad",2014,0,0,2.1,6
TCD,"Chad",2015,0,0,2.4,6
TCD,"Chad",2016,0,0,2.3,6
TCD,"Chad",2017,0,0,2.4,6
TCD,"Chad",2018,0,0,2.6,6
TCD,"Chad",2019,0,0,2.5,6
TGO,"Togo",2003,,,,
TGO,"Togo",2004,,0,0.3,
TGO,"Togo",2005,,0,3.5,
TGO,"Togo",2006,,0,3.6,
TGO,"Togo",2007,,0,2.7,
TGO,"Togo",2008,,0,2.6,
TGO,"Togo",2009,,0,2.7,
TGO,"Togo",2010,,0,2.5,
TGO,"Togo",2011,,0,2.5,
TGO,"Togo",2012,,0,2.8,
TGO,"Togo",2013,0,0,3.1,6
TGO,"Togo",2014,0,0,3,6
TGO,"Togo",2015,0,0,0.5,6
TGO,"Togo",2016,0,0,0.5,6
TGO,"Togo",2017,0,0,0.6,6
TGO,"Togo",2018,0,0.4,0.6,6
TGO,"Togo",2019,8,13.6,0,6
THA,"Thailand",2003,,,,
THA,"Thailand",2004,,15,0,
THA,"Thailand",2005,,18.4,0,
THA,"Thailand",2006,,21.7,0,
THA,"Thailand",2007,,27.9,0,
THA,"Thailand",2008,,31.8,0,
THA,"Thailand",2009,,32.9,0,
THA,"Thailand",2010,,35.7,0,
THA,"Thailand",2011,,41.7,0,
THA,"Thailand",2012,,44.1,0,
THA,"Thailand",2013,6,49.2,0,3
THA,"Thailand",2014,6,52.7,0,3
THA,"Thailand",2015,6,60.2,0,3
THA,"Thailand",2016,7,53,0,3
THA,"Thailand",2017,7,56.6,0,7
THA,"Thailand",2018,7,60.2,0,7
THA,"Thailand",2019,7,56.5,0,7
TJK,"Tajikistan",2003,,,,
TJK,"Tajikistan",2004,,,,
TJK,"Tajikistan",2005,,0,0,
TJK,"Tajikistan",2006,,0,0,
TJK,"Tajikistan",2007,,0,0,
TJK,"Tajikistan",2008,,0,0,
TJK,"Tajikistan",2009,,0,0,
TJK,"Tajikistan",2010,,0,0,
TJK,"Tajikistan",2011,,0,0,
TJK,"Tajikistan",2012,,0,0,
TJK,"Tajikistan",2013,0,2.1,0,1
TJK,"Tajikistan",2014,6,7,0,1
TJK,"Tajikistan",2015,7,15.9,0,1
TJK,"Tajikistan",2016,7,35.8,0,1
TJK,"Tajikistan",2017,7,39.4,0,1
TJK,"Tajikistan",2018,7,44.9,0,1
TJK,"Tajikistan",2019,7,47.6,0,11
TLS,"Timor-Leste",2003,,,,
TLS,"Timor-Leste",2004,,0,0,
TLS,"Timor-Leste",2005,,0,0,
TLS,"Timor-Leste",2006,,0,0,
TLS,"Timor-Leste",2007,,0,0,
TLS,"Timor-Leste",2008,,0,0,
TLS,"Timor-Leste",2009,,0,0,
TLS,"Timor-Leste",2010,,0,0,
TLS,"Timor-Leste",2011,,0,1.8,
TLS,"Timor-Leste",2012,,0,2,
TLS,"Timor-Leste",2013,4,0,5.4,0
TLS,"Timor-Leste",2014,4,0,5.7,0
TLS,"Timor-Leste",2015,4,0,5.8,0
TLS,"Timor-Leste",2016,4,0,5.6,0
TLS,"Timor-Leste",2017,4,0,5.6,0
TLS,"Timor-Leste",2018,4,0,7.2,0
TLS,"Timor-Leste",2019,4,0,8.7,0
TON,"Tonga",2003,,,,
TON,"Tonga",2004,,0,0,
TON,"Tonga",2005,,0,0,
TON,"Tonga",2006,,0,0,
TON,"Tonga",2007,,0,0,
TON,"Tonga",2008,,0,0,
TON,"Tonga",2009,,0,0,
TON,"Tonga",2010,,0,0,
TON,"Tonga",2011,,0,0,
TON,"Tonga",2012,,0,0,
TON,"Tonga",2013,3,6.5,0,10
TON,"Tonga",2014,3,12.3,0,10
TON,"Tonga",2015,3,12.2,0,10
TON,"Tonga",2016,3,17.3,0,10
TON,"Tonga",2017,4,17,0,10
TON,"Tonga",2018,4,23.3,0,10
TON,"Tonga",2019,4,28.2,0,10
TTO,"Trinidad and Tobago",2003,,,,
TTO,"Trinidad and Tobago",2004,,,,
TTO,"Trinidad and Tobago",2005,,31.5,0,
TTO,"Trinidad and Tobago",2006,,31.5,0,
TTO,"Trinidad and Tobago",2007,,34.4,0,
TTO,"Trinidad and Tobago",2008,,37.6,0,
TTO,"Trinidad and Tobago",2009,,41.7,0,
TTO,"Trinidad and Tobago",2010,,39.2,0,
TTO,"Trinidad and Tobago",2011,,46,0,
TTO,"Trinidad and Tobago",2012,,46,0,
TTO,"Trinidad and Tobago",2013,6,63.2,0,6
TTO,"Trinidad and Tobago",2014,6,67.4,0,7
TTO,"Trinidad and Tobago",2015,6,69.6,0,7
TTO,"Trinidad and Tobago",2016,6,72.3,0,7
TTO,"Trinidad and Tobago",2017,6,75.5,0,7
TTO,"Trinidad and Tobago",2018,6,79.2,0,7
TTO,"Trinidad and Tobago",2019,6,81,0,7
TUN,"Tunisia",2003,,,,
TUN,"Tunisia",2004,,0,9.3,
TUN,"Tunisia",2005,,0,8.2,
TUN,"Tunisia",2006,,0,11.6,
TUN,"Tunisia",2007,,0,13.7,
TUN,"Tunisia",2008,,0,14.9,
TUN,"Tunisia",2009,,0,19.9,
TUN,"Tunisia",2010,,0,22.9,
TUN,"Tunisia",2011,,0,27.3,
TUN,"Tunisia",2012,,0,27.8,
TUN,"Tunisia",2013,5,0,28.8,3
TUN,"Tunisia",2014,5,0,30.2,3
TUN,"Tunisia",2015,5,0,28.9,3
TUN,"Tunisia",2016,7,0,27.5,3
TUN,"Tunisia",2017,7,0,26.9,3
TUN,"Tunisia",2018,7,0,28.8,3
TUN,"Tunisia",2019,7,0,36.4,3
TUR,"Turkey",2003,,,,
TUR,"Turkey",2004,,30,3.2,
TUR,"Turkey",2005,,27.6,4.9,
TUR,"Turkey",2006,,27.6,6.7,
TUR,"Turkey",2007,,27,10.3,
TUR,"Turkey",2008,,26.3,12.7,
TUR,"Turkey",2009,,42.9,15.9,
TUR,"Turkey",2010,,42.2,18.3,
TUR,"Turkey",2011,,60.5,23.8,
TUR,"Turkey",2012,,63,23.5,
TUR,"Turkey",2013,6,71.7,27,2
TUR,"Turkey",2014,7,0,63.6,2
TUR,"Turkey",2015,7,0,74.9,2
TUR,"Turkey",2016,7,0,76.6,2
TUR,"Turkey",2017,7,0,80.2,4
TUR,"Turkey",2018,8,0,77.7,7
TUR,"Turkey",2019,8,0,80.2,7
TZA,"Tanzania",2003,,,,
TZA,"Tanzania",2004,,0,0,
TZA,"Tanzania",2005,,0,0,
TZA,"Tanzania",2006,,0,0,
TZA,"Tanzania",2007,,0,0,
TZA,"Tanzania",2008,,0,0,
TZA,"Tanzania",2009,,0,0,
TZA,"Tanzania",2010,,0,0,
TZA,"Tanzania",2011,,0,0,
TZA,"Tanzania",2012,,0,0,
TZA,"Tanzania",2013,0,0,0,5
TZA,"Tanzania",2014,0,0.6,0,5
TZA,"Tanzania",2015,0,5,0,5
TZA,"Tanzania",2016,8,6.5,0,5
TZA,"Tanzania",2017,8,6.2,0,5
TZA,"Tanzania",2018,8,6,0,5
TZA,"Tanzania",2019,8,6.1,0,5
UGA,"Uganda",2003,,,,
UGA,"Uganda",2004,,0,0,
UGA,"Uganda",2005,,0,0,
UGA,"Uganda",2006,,0,0,
UGA,"Uganda",2007,,0,0,
UGA,"Uganda",2008,,0,0,
UGA,"Uganda",2009,,0,0,
UGA,"Uganda",2010,,1.1,0,
UGA,"Uganda",2011,,3,0,
UGA,"Uganda",2012,,3.7,0,
UGA,"Uganda",2013,0,4.4,0,5
UGA,"Uganda",2014,0,4.9,0,5
UGA,"Uganda",2015,7,5.3,0,5
UGA,"Uganda",2016,7,6.6,0,5
UGA,"Uganda",2017,7,6.4,0,5
UGA,"Uganda",2018,7,6.6,0,5
UGA,"Uganda",2019,7,6.9,0,5
UKR,"Ukraine",2003,,,,
UKR,"Ukraine",2004,,0,0,
UKR,"Ukraine",2005,,0,0,
UKR,"Ukraine",2006,,0,0,
UKR,"Ukraine",2007,,0,0,
UKR,"Ukraine",2008,,3,0,
UKR,"Ukraine",2009,,3,0,
UKR,"Ukraine",2010,,10.1,0,
UKR,"Ukraine",2011,,17,0,
UKR,"Ukraine",2012,,23.3,0,
UKR,"Ukraine",2013,7,28.3,0,8
UKR,"Ukraine",2014,7,48,0,8
UKR,"Ukraine",2015,7,36.7,0,8
UKR,"Ukraine",2016,7,40,0,8
UKR,"Ukraine",2017,7,47.3,0,8
UKR,"Ukraine",2018,7,45.9,0,8
UKR,"Ukraine",2019,7,56.9,2.4,8
URY,"Uruguay",2003,,,,
URY,"Uruguay",2004,,75.6,7.2,
URY,"Uruguay",2005,,80,5.5,
URY,"Uruguay",2006,,85.3,13.2,
URY,"Uruguay",2007,,93.8,14.1,
URY,"Uruguay",2008,,98,15.4,
URY,"Uruguay",2009,,97.2,17.8,
URY,"Uruguay",2010,,100,19.4,
URY,"Uruguay",2011,,100,28.6,
URY,"Uruguay",2012,,100,32.9,
URY,"Uruguay",2013,7,100,80.2,4
URY,"Uruguay",2014,8,100,84.6,4
URY,"Uruguay",2015,8,100,84.1,4
URY,"Uruguay",2016,8,100,100,4
URY,"Uruguay",2017,8,100,100,4
URY,"Uruguay",2018,8,100,100,4
URY,"Uruguay",2019,8,100,100,4
USA,"Los Angeles",2003,,,,
USA,"Los Angeles",2004,,,,
USA,"Los Angeles",2005,,,,
USA,"Los Angeles",2006,,,,
USA,"Los Angeles",2007,,,,
USA,"Los Angeles",2008,,,,
USA,"Los Angeles",2009,,,,
USA,"Los Angeles",2010,,,,
USA,"Los Angeles",2011,,,,
USA,"Los Angeles",2012,,,,
USA,"Los Angeles",2013,8,100,0,11
USA,"Los Angeles",2014,8,100,0,11
USA,"Los Angeles",2015,8,100,0,11
USA,"Los Angeles",2016,8,100,0,11
USA,"Los Angeles",2017,8,100,0,11
USA,"Los Angeles",2018,8,100,0,11
USA,"Los Angeles",2019,8,100,0,11
USA,"New York",2003,,,,
USA,"New York",2004,,100,0,
USA,"New York",2005,,100,0,
USA,"New York",2006,,100,0,
USA,"New York",2007,,100,0,
USA,"New York",2008,,100,0,
USA,"New York",2009,,100,0,
USA,"New York",2010,,100,0,
USA,"New York",2011,,100,0,
USA,"New York",2012,,100,0,
USA,"New York",2013,8,100,0,11
USA,"New York",2014,8,100,0,11
USA,"New York",2015,8,100,0,11
USA,"New York",2016,8,100,0,11
USA,"New York",2017,8,100,0,11
USA,"New York",2018,8,100,0,11
USA,"New York",2019,8,100,0,11
USA,"United States",2003,,,,
USA,"United States",2004,,,,
USA,"United States",2005,,,,
USA,"United States",2006,,,,
USA,"United States",2007,,,,
USA,"United States",2008,,,,
USA,"United States",2009,,,,
USA,"United States",2010,,,,
USA,"United States",2011,,,,
USA,"United States",2012,,,,
USA,"United States",2013,8,100,0,11
USA,"United States",2014,8,100,0,11
USA,"United States",2015,8,100,0,11
USA,"United States",2016,8,100,0,11
USA,"United States",2017,8,100,0,11
USA,"United States",2018,8,100,0,11
USA,"United States",2019,8,100,0,11
UZB,"Uzbekistan",2003,,,,
UZB,"Uzbekistan",2004,,0,0,
UZB,"Uzbekistan",2005,,0,0,
UZB,"Uzbekistan",2006,,0,0,
UZB,"Uzbekistan",2007,,0,0,
UZB,"Uzbekistan",2008,,2.2,2.3,
UZB,"Uzbekistan",2009,,2.1,2.6,
UZB,"Uzbekistan",2010,,3.3,4.5,
UZB,"Uzbekistan",2011,,3.6,5,
UZB,"Uzbekistan",2012,,15.7,0,
UZB,"Uzbekistan",2013,7,16.5,0,1
UZB,"Uzbekistan",2014,7,17.8,0,1
UZB,"Uzbekistan",2015,7,19.4,0,6
UZB,"Uzbekistan",2016,7,27.8,0,6
UZB,"Uzbekistan",2017,7,40.1,0,6
UZB,"Uzbekistan",2018,7,42.7,0,6
UZB,"Uzbekistan",2019,7,47.8,0,6
VCT,"St. Vincent and the Grenadines",2003,,,,
VCT,"St. Vincent and the Grenadines",2004,,,,
VCT,"St. Vincent and the Grenadines",2005,,0,0,
VCT,"St. Vincent and the Grenadines",2006,,0,0,
VCT,"St. Vincent and the Grenadines",2007,,0,0,
VCT,"St. Vincent and the Grenadines",2008,,0,0,
VCT,"St. Vincent and the Grenadines",2009,,0,0,
VCT,"St. Vincent and the Grenadines",2010,,0,0,
VCT,"St. Vincent and the Grenadines",2011,,0,0,
VCT,"St. Vincent and the Grenadines",2012,,0,0,
VCT,"St. Vincent and the Grenadines",2013,0,0,0,5
VCT,"St. Vincent and the Grenadines",2014,0,0,0,5
VCT,"St. Vincent and the Grenadines",2015,0,0,0,5
VCT,"St. Vincent and the Grenadines",2016,0,0,0,5
VCT,"St. Vincent and the Grenadines",2017,0,0,0,5
VCT,"St. Vincent and the Grenadines",2018,0,0,0,5
VCT,"St. Vincent and the Grenadines",2019,0,0,0,5
VEN,"Venezuela, RB",2003,,,,
VEN,"Venezuela, RB",2004,,0,29.6,
VEN,"Venezuela, RB",2005,,0,16.8,
VEN,"Venezuela, RB",2006,,0,0,
VEN,"Venezuela, RB",2007,,0,0,
VEN,"Venezuela, RB",2008,,0,0,
VEN,"Venezuela, RB",2009,,0,0,
VEN,"Venezuela, RB",2010,,15.7,0,
VEN,"Venezuela, RB",2011,,15.7,0,
VEN,"Venezuela, RB",2012,,15.7,0,
VEN,"Venezuela, RB",2013,7,16.7,0,1
VEN,"Venezuela, RB",2014,7,28.7,0,1
VEN,"Venezuela, RB",2015,7,28.2,0,1
VEN,"Venezuela, RB",2016,7,27.9,0,1
VEN,"Venezuela, RB",2017,7,27.4,0,1
VEN,"Venezuela, RB",2018,7,36.6,0,1
VEN,"Venezuela, RB",2019,7,40.7,0,1
VNM,"Vietnam",2003,,,,
VNM,"Vietnam",2004,,0,0.8,
VNM,"Vietnam",2005,,0,1.1,
VNM,"Vietnam",2006,,0,2.7,
VNM,"Vietnam",2007,,0,9.2,
VNM,"Vietnam",2008,,0,13.4,
VNM,"Vietnam",2009,,0,19,
VNM,"Vietnam",2010,,0,26.4,
VNM,"Vietnam",2011,,0,29.8,
VNM,"Vietnam",2012,,0,37.8,
VNM,"Vietnam",2013,6,0,39.1,7
VNM,"Vietnam",2014,6,1.4,41.8,7
VNM,"Vietnam",2015,7,6.9,41.5,7
VNM,"Vietnam",2016,7,14.8,41.8,7
VNM,"Vietnam",2017,7,19.7,51,8
VNM,"Vietnam",2018,7,29.5,54.8,8
VNM,"Vietnam",2019,8,20.6,59.4,8
VUT,"Vanuatu",2003,,,,
VUT,"Vanuatu",2004,,0,0,
VUT,"Vanuatu",2005,,0,0,
VUT,"Vanuatu",2006,,0,0,
VUT,"Vanuatu",2007,,0,0,
VUT,"Vanuatu",2008,,0,0,
VUT,"Vanuatu",2009,,0,0,
VUT,"Vanuatu",2010,,0,0,
VUT,"Vanuatu",2011,,0,0,
VUT,"Vanuatu",2012,,0,0,
VUT,"Vanuatu",2013,3,5.5,0,10
VUT,"Vanuatu",2014,3,6.8,0,10
VUT,"Vanuatu",2015,4,6.6,0,10
VUT,"Vanuatu",2016,4,9.6,0,11
VUT,"Vanuatu",2017,4,9.4,0,11
VUT,"Vanuatu",2018,4,12.2,0,11
VUT,"Vanuatu",2019,4,17.6,0,11
WSM,"Samoa",2003,,,,
WSM,"Samoa",2004,,0,0,
WSM,"Samoa",2005,,0,0,
WSM,"Samoa",2006,,0,0,
WSM,"Samoa",2007,,0,0,
WSM,"Samoa",2008,,0,0,
WSM,"Samoa",2009,,0,0,
WSM,"Samoa",2010,,0,0,
WSM,"Samoa",2011,,0,0,
WSM,"Samoa",2012,,0,0,
WSM,"Samoa",2013,0,0,0,5
WSM,"Samoa",2014,0,0,0,5
WSM,"Samoa",2015,0,0,0,5
WSM,"Samoa",2016,0,0,0,5
WSM,"Samoa",2017,0,0,0,9
WSM,"Samoa",2018,0,0,0,9
WSM,"Samoa",2019,0,0,0,9
XKX,"Kosovo",2003,,,,
XKX,"Kosovo",2004,,,,
XKX,"Kosovo",2005,,,,
XKX,"Kosovo",2006,,,,
XKX,"Kosovo",2007,,,,
XKX,"Kosovo",2008,,,,
XKX,"Kosovo",2009,,0,18.9,
XKX,"Kosovo",2010,,0,16.9,
XKX,"Kosovo",2011,,0,20.5,
XKX,"Kosovo",2012,,0,22.2,
XKX,"Kosovo",2013,6,0,22.1,9
XKX,"Kosovo",2014,6,0,22.8,9
XKX,"Kosovo",2015,6,0,95.2,9
XKX,"Kosovo",2016,6,0,38.1,9
XKX,"Kosovo",2017,6,0,40.5,11
XKX,"Kosovo",2018,6,0,41.3,11
XKX,"Kosovo",2019,6,0,41.4,11
YEM,"Yemen, Rep.",2003,,,,
YEM,"Yemen, Rep.",2004,,0,0,
YEM,"Yemen, Rep.",2005,,0,0.1,
YEM,"Yemen, Rep.",2006,,0,0.1,
YEM,"Yemen, Rep.",2007,,0,0.1,
YEM,"Yemen, Rep.",2008,,0,0.1,
YEM,"Yemen, Rep.",2009,,0,0.2,
YEM,"Yemen, Rep.",2010,,0,0.3,
YEM,"Yemen, Rep.",2011,,0,0.7,
YEM,"Yemen, Rep.",2012,,0,0.9,
YEM,"Yemen, Rep.",2013,0,0,1,0
YEM,"Yemen, Rep.",2014,0,0,1.2,0
YEM,"Yemen, Rep.",2015,0,0,1.3,0
YEM,"Yemen, Rep.",2016,0,0,1.3,0
YEM,"Yemen, Rep.",2017,0,0,1.3,0
YEM,"Yemen, Rep.",2018,0,0,1.3,0
YEM,"Yemen, Rep.",2019,0,0,1.3,0
ZAF,"South Africa",2003,,,,
ZAF,"South Africa",2004,,63.6,0,
ZAF,"South Africa",2005,,63.4,0,
ZAF,"South Africa",2006,,53,0,
ZAF,"South Africa",2007,,52.1,0,
ZAF,"South Africa",2008,,64.8,0,
ZAF,"South Africa",2009,,54.7,0,
ZAF,"South Africa",2010,,54.9,0,
ZAF,"South Africa",2011,,52,0,
ZAF,"South Africa",2012,,54,0,
ZAF,"South Africa",2013,8,55.6,0,5
ZAF,"South Africa",2014,7,55.4,0,5
ZAF,"South Africa",2015,7,62,0,5
ZAF,"South Africa",2016,7,63.7,0,5
ZAF,"South Africa",2017,7,64.4,0,5
ZAF,"South Africa",2018,7,67.3,0,5
ZAF,"South Africa",2019,7,66.5,0,5
ZMB,"Zambia",2003,,,,
ZMB,"Zambia",2004,,0,0,
ZMB,"Zambia",2005,,0,0,
ZMB,"Zambia",2006,,0,0,
ZMB,"Zambia",2007,,0,0,
ZMB,"Zambia",2008,,0.1,0,
ZMB,"Zambia",2009,,0.4,0,
ZMB,"Zambia",2010,,3,0,
ZMB,"Zambia",2011,,4.3,0,
ZMB,"Zambia",2012,,5.4,0,
ZMB,"Zambia",2013,6,12,0,7
ZMB,"Zambia",2014,7,7.3,0,7
ZMB,"Zambia",2015,8,8.9,0,7
ZMB,"Zambia",2016,8,16.8,0,7
ZMB,"Zambia",2017,8,8.7,0,11
ZMB,"Zambia",2018,8,10.9,0,11
ZMB,"Zambia",2019,8,9.1,0,11
ZWE,"Zimbabwe",2003,,,,
ZWE,"Zimbabwe",2004,,31,0,
ZWE,"Zimbabwe",2005,,31,0,
ZWE,"Zimbabwe",2006,,31,0,
ZWE,"Zimbabwe",2007,,31,0,
ZWE,"Zimbabwe",2008,,31,0,
ZWE,"Zimbabwe",2009,,31,0,
ZWE,"Zimbabwe",2010,,31,0,
ZWE,"Zimbabwe",2011,,31,0,
ZWE,"Zimbabwe",2012,,31,0,
ZWE,"Zimbabwe",2013,4,31.1,0,5
ZWE,"Zimbabwe",2014,4,29.7,0,5
ZWE,"Zimbabwe",2015,5,32.1,0,5
ZWE,"Zimbabwe",2016,5,31.4,0,5
ZWE,"Zimbabwe",2017,4,32,3.2,5
ZWE,"Zimbabwe",2018,6,33.6,7.1,5
ZWE,"Zimbabwe",2019,7,50.2,8.8,6
